Ball ID,Over/Ball,Innings,Team,Batsman,Bowler,Commentary
1784608435519,$undefined,$undefined,,,,"<b>New Zealand</b> Squad: Henry Nicholls, Will Young, Nick Kelly, Mark Chapman, Tom Latham(w), Michael Bracewell, Mitchell Santner(c), Nathan Smith, Jacob Duffy, Matthew Fisher, Jayden Lennox, Dean Foxcroft, Kristian Clarke, Mitchell Hay, Ben Lister"
1784608732668,$undefined,$undefined,,,,"<b>West Indies</b> Squad: Ackeem Auguste, Justin Greaves, Keacy Carty, Shai Hope(w/c), Amir Jangoo, Sherfane Rutherford, Matthew Forde, Gudakesh Motie, Alzarri Joseph, Jayden Seales, Vitel Lawes, Brandon King, Shimron Hetmyer, Shamar Joseph, Keemo Paul"
1784608734320,$undefined,$undefined,,,,<b>Squads:</b>
1784655130300,$undefined,$undefined,,,,"Hello and welcome to our coverage of the fifth and final ODI between West Indies and New Zealand. The series is already gone for West Indies, and their chances of direct qualification for the World Cup might be gone too, but they'd love to put on a much improved show for their fans, especially with the bat. On some challenging pitches, they've been bowled out for 188, 140 and 138 in each of their last three matches after being put in to bat. Let's see if they make some changes in the lineup in an effort to rectify that. Shimron Hetmyer is waiting in the wings if they do want to look towards the bench."
1784655899016,$undefined,$undefined,,,,"New Zealand bounced back superbly after going down in the first ODI, winning three on the trot to seal the series. Left-arm spinner Jayden Lennox played a starring role in their comeback, making good use of the conditions on offer. For West Indies, Gudakesh Motie picked up a five-for in the previous match, but it wasn't enough as Mitchell Santner held his nerve with the bat to guide the visitors to a one-wicket win."
1784656980451,$undefined,$undefined,,,,It's bright and sunny at the Kensington Oval. Time for the toss..
1784657016199,$undefined,$undefined,,,,<b>West Indies have won the toss and have opted to field</b>
1784657066658,$undefined,$undefined,,,,"Hope: Going to bowl first. Usually in Caribbean, tends to favour the team batting second. We have to put that one behind us (previous loss). Only one day in between. Amir Jangoo misses out because of injury, Shimron Hetmyer comes back in."
1784657143989,$undefined,$undefined,,,,"Santner: Would've bowled first as well. Pitch looks good, looks like there's little more grass. We know it's always a challenge over here. Conditions very different to what we get back home. One change: Fisher is out for Kristian Clarke."
1784657210098,$undefined,$undefined,,,,"<b>West Indies</b> (Playing XI): Ackeem Auguste, Justin Greaves, Keacy Carty, Shai Hope(w/c), Sherfane Rutherford, Shimron Hetmyer, Matthew Forde, Gudakesh Motie, Alzarri Joseph, Jayden Seales, Vitel Lawes"
1784657223003,$undefined,$undefined,,,,"<b>New Zealand</b> (Playing XI): Henry Nicholls, Will Young, Nick Kelly, Mark Chapman, Tom Latham(w), Michael Bracewell, Mitchell Santner(c), Kristian Clarke, Nathan Smith, Jacob Duffy, Jayden Lennox"
1784657224555,$undefined,$undefined,,,,<b>Teams:</b>
1784657445900,$undefined,$undefined,,,,"<b>Pitch report | Samuel Badree:</b> Quite hot today, windy as well. Surface is a new one, not dissimilar to the previous game. Quite firm, seems as though there are runs on offer. But the pitch played in an untraditional sense in the previous game in terms of the number of wickets taken by spinners. It's a 2.30pm local time start, wonder what impact the dew will have later on. There will be some preparation moisture, although it looks really dry."
1784658610346,$undefined,$undefined,,,,All set for play to start.
1784660396392,6.5,1,NZ,Nick Kelly,Matthew Forde,"Matthew Forde to Nick Kelly, <b>wide</b>, angling down leg, Kelly looks to clip it away but misses"
1784660428741,6.5,1,NZ,Nick Kelly,Matthew Forde,"Matthew Forde to Nick Kelly, no run, good length around off, he gets forward and defends"
1784660465021,6.6,1,NZ,Nick Kelly,Matthew Forde,"Matthew Forde to Nick Kelly, no run, full and straight, <b>catches the inside half of the bat</b> as Kelly gets forward to defend"
1784660535531,7.1,1,NZ,Will Young,Jayden Seales,"Jayden Seales to Will Young, no run, again Seales hits Young close to the shoulder or the glove. <b>Has found extra bounce from this end.</b> Nips away off a length, takes the bat shoulder and rolls to backward point"
1784660575977,7.2,1,NZ,Will Young,Jayden Seales,"Jayden Seales to Will Young, no run, advances down, the ball rises sharply from back of a length and Young rides it well and deadbats down the pitch"
1784660612010,7.3,1,NZ,Will Young,Jayden Seales,"Jayden Seales to Will Young, no run, short of length in the channel, Young fends it with soft hands into the off-side"
1784660655039,7.4,1,NZ,Will Young,Jayden Seales,"Jayden Seales to Will Young, 2 runs, good length delivery around middle, Young clips it nicely through the gap at midwicket, back for two"
1784660693252,7.5,1,NZ,Will Young,Jayden Seales,"Jayden Seales to Will Young, no run, cutting in off a length, strikes Young on the thigh pad as he looks to clip it away"
1784660734397,7.6,1,NZ,Will Young,Jayden Seales,"Jayden Seales to Will Young, <b>FOUR</b>, use of the feet from Young again, gets a little closer to the length and flicks it past mid-on. Good proactive batting from him, trying to counter and put the bowler off his lengths after being troubled by him"
1784660814050,8.1,1,NZ,Nick Kelly,Matthew Forde,"Matthew Forde to Nick Kelly, 1 run, gets a thick inside edge down to fine leg as he hangs back in the crease"
1784660871329,8.2,1,NZ,Will Young,Matthew Forde,"Matthew Forde to Will Young, <b>FOUR</b>, nothing delivery from Forde. 119kph, halfway down the pitch and asking to be hit. Young in no mood to miss out there. Belts the pull shot through midwicket"
1784660938953,8.3,1,NZ,Will Young,Matthew Forde,"Matthew Forde to Will Young, 2 runs, too straight on middle and leg, Young clips it behind square and it's an easy two"
1784660988463,8.4,1,NZ,Will Young,Matthew Forde,"Matthew Forde to Will Young, no run, cutting in off a length, it's just outside off and Young leaves"
1784661032512,8.5,1,NZ,Will Young,Matthew Forde,"Matthew Forde to Will Young, no run, gives the charge, finds it on a good length around off and defends"
1784661077479,8.6,1,NZ,Will Young,Matthew Forde,"Matthew Forde to Will Young, 2 runs, high up on the bat, <b>miscues it in the air</b> but manages to clear mid-on! It's short of length and there's some extra bounce which takes Young by surprise on the pull shot. One thing that possibly worked in his favour was the wind to help take the ball over the fielder"
1784661157045,9.1,1,NZ,Nick Kelly,Jayden Seales,"Jayden Seales to Nick Kelly, no run, hard length on middle and leg, defended from the crease"
1784661192253,9.2,1,NZ,Nick Kelly,Jayden Seales,"Jayden Seales to Nick Kelly, no run, <b>look at that extra bounce!</b> Angling away from off, good length ball and it rises sharply after pitching. Left alone by Kelly"
1784661231280,9.3,1,NZ,Nick Kelly,Jayden Seales,"Jayden Seales to Nick Kelly, no run, short of length on middle and off, blocked from the crease"
1784661265281,9.4,1,NZ,Nick Kelly,Jayden Seales,"Jayden Seales to Nick Kelly, no run, keeps him pinned on the crease, hard length on off, Kelly blocks"
1784661299902,9.5,1,NZ,Nick Kelly,Jayden Seales,"Jayden Seales to Nick Kelly, no run"
1784662293555,13.2,1,NZ,Nick Kelly,Alzarri Joseph,"Alzarri Joseph to Nick Kelly, no run, short and wide, Kelly cuts it straight to backward point"
1784662337050,13.3,1,NZ,Nick Kelly,Alzarri Joseph,"Alzarri Joseph to Nick Kelly, no run, <b>snorter of a delivery!</b> Crazy bounce off a length, Kelly shapes to cut but is comprehensively beaten. The keeper jumps up to gather"
1784662378007,13.4,1,NZ,Nick Kelly,Alzarri Joseph,"Alzarri Joseph to Nick Kelly, no run, hard length on middle and leg, Kelly hangs back and defence"
1784662428138,13.5,1,NZ,Nick Kelly,Alzarri Joseph,"Alzarri Joseph to Nick Kelly, 2 runs, punched crisply, <b>it's in the air but wide of backward point</b>, Kelly back for two"
1784662490629,13.6,1,NZ,Nick Kelly,Alzarri Joseph,"Alzarri Joseph to Nick Kelly, no run, dug in short as Kelly advances! He lets it go outside off"
1784662573995,$undefined,1,NZ,Will Young,Gudakesh Motie,"<b>Gudakesh Motie, Left arm orthodox, comes into the attack</b>"
1784662579393,14.1,1,NZ,Will Young,Gudakesh Motie,"Gudakesh Motie to Will Young, 1 run, tossed up just outside off, turning away, and Young knocks it through the cover region"
1784662614689,14.2,1,NZ,Nick Kelly,Gudakesh Motie,"Gudakesh Motie to Nick Kelly, no run, trapped in the crease to a length ball on middle, it turns in and takes a thick inside edge to square leg"
1784662634703,14.3,1,NZ,Nick Kelly,Gudakesh Motie,"Gudakesh Motie to Nick Kelly, 1 run, dances down, isn't quite to the pitch but manages to drive past the diving bowler"
1784662663458,14.4,1,NZ,Will Young,Gudakesh Motie,"Gudakesh Motie to Will Young, no run, <b>that's a beauty!</b> Finds the perfect length, Young's front foot goes nowhere on the drive and he's beaten as it turns away"
1784662685841,14.5,1,NZ,Will Young,Gudakesh Motie,"Gudakesh Motie to Will Young, 1 run, drifting into the pads, he nudges it through square leg"
1784662713411,14.6,1,NZ,Nick Kelly,Gudakesh Motie,"Gudakesh Motie to Nick Kelly, <b>FOUR</b>, strays in line, it's down leg and Kelly glances it away fine off the back foot"
1784662791446,15.1,1,NZ,Will Young,Alzarri Joseph,"Alzarri Joseph to Will Young, leg byes, 1 run, gets away with a loosener. Angling down leg, Young looks to clip it away but is hit on the thigh pad"
1784662966200,15.2,1,NZ,Nick Kelly,Alzarri Joseph,"Alzarri Joseph to Nick Kelly, no run, short of length just outside off, Kelly rides the bounce and fends it off"
1784662968193,15.3,1,NZ,Nick Kelly,Alzarri Joseph,"Alzarri Joseph to Nick Kelly, 1 run, tries cutting it away, the width isn't there and he chops it in front of cover"
1784662968581,15.4,1,NZ,Will Young,Alzarri Joseph,"Alzarri Joseph to Will Young, no run, dug in short, Young ducks under it, good heat from Joseph"
1784663028544,15.5,1,NZ,Will Young,Alzarri Joseph,"Alzarri Joseph to Will Young, 1 run, angling down leg, he looks to clip it away but it goes off the thigh pad to fine leg"
1784663058435,15.6,1,NZ,Nick Kelly,Alzarri Joseph,"Alzarri Joseph to Nick Kelly, <b>SIX</b>, dug in short, Kelly goes for the upper-cut, he connects and it <b>flies over third man!</b> Looked like Kelly was worried initially. He was hitting against the wind but timed it so well that it still cleared comfortably"
1784663174313,$undefined,1,NZ,,,"Drinks! New Zealand will be delighted with the position they're in. The pitch has offered variable bounce and movement but some good proactive batting, especially from Young, has allowed them to go on the counter."
1784663310635,16.1,1,NZ,Will Young,Gudakesh Motie,"Gudakesh Motie to Will Young, no run"
1784663334444,16.2,1,NZ,Will Young,Gudakesh Motie,"Gudakesh Motie to Will Young, 2 runs, swept nicely behind square, Shamar Joseph makes a tumbling stop in the deep"
1784663363099,16.3,1,NZ,Will Young,Gudakesh Motie,"Gudakesh Motie to Will Young, 1 run, width outside off, Young cuts to deep point and brings up <b>fifty</b>. Superb knock on a challenging pitch!"
1784663404955,16.4,1,NZ,Nick Kelly,Gudakesh Motie,"Gudakesh Motie to Nick Kelly, 1 run, down the leg-side, Kelly goes back and clips it through square leg"
1784663431077,16.5,1,NZ,Will Young,Gudakesh Motie,"Gudakesh Motie to Will Young, 1 run, overpitched on leg, Young nudges it wide of midwicket"
1784663450451,16.6,1,NZ,Nick Kelly,Gudakesh Motie,"Gudakesh Motie to Nick Kelly, 1 run, too full, driven to long-on"
1784663562560,$undefined,1,NZ,,,<b>Vitel Lawes [2.0-0-12-0] is back into the attack</b>
1784663573548,17.1,1,NZ,Nick Kelly,Vitel Lawes,"Vitel Lawes to Nick Kelly, <b>no ball</b>, 1 run, tossed up just outside off, Kelly gets forward and drives wide of long-off. Lawes has overstepped. He's having a torrid time so far"
1784663643413,17.1,1,NZ,Will Young,Vitel Lawes,"Vitel Lawes to Will Young, 2 runs, tries going for the slog-sweep, it's against the wind and gets caught up in it, falling well short of deep midwicket. Was the free hit!"
1784663650925,17.2,1,NZ,Will Young,Vitel Lawes,"Vitel Lawes to Will Young, no run, works this to short midwicket"
1784663658944,17.3,1,NZ,Will Young,Vitel Lawes,"Vitel Lawes to Will Young, no run, tries the reverse-sweep but fails to beat short third"
1784663676561,17.4,1,NZ,Will Young,Vitel Lawes,"Vitel Lawes to Will Young, 1 run, too full, driven to mid-off"
1784663710132,17.5,1,NZ,Nick Kelly,Vitel Lawes,"Vitel Lawes to Nick Kelly, no run, turning away off a length, driven wide of Paul at short cover who gets a hand diving across"
1784663731116,17.6,1,NZ,Nick Kelly,Vitel Lawes,"Vitel Lawes to Nick Kelly, no run, lands it on a good length, defended forward. Much better over from Lawes"
1784663793936,18.1,1,NZ,Will Young,Gudakesh Motie,"Gudakesh Motie to Will Young, no run"
1784663810282,18.2,1,NZ,Will Young,Gudakesh Motie,"Gudakesh Motie to Will Young, 1 run, to sweeper cover"
1784663836526,18.3,1,NZ,Nick Kelly,Gudakesh Motie,"Gudakesh Motie to Nick Kelly, 1 run, overpitched on off, driven to long-on"
1784663877366,$undefined,1,NZ,,,"Direct hit at the bowler's end, and it's been referred upstairs."
1784663982748,18.4,1,NZ,Will Young,Gudakesh Motie,"Gudakesh Motie to Will Young, 1 run, to point"
1784664007147,18.5,1,NZ,Nick Kelly,Gudakesh Motie,"Gudakesh Motie to Nick Kelly, no run"
1784664025135,18.6,1,NZ,Nick Kelly,Gudakesh Motie,"Gudakesh Motie to Nick Kelly, no run"
1784664095089,19.1,1,NZ,Will Young,Vitel Lawes,"Vitel Lawes to Will Young, no run, floated up on off, Young gets a soft leading edge down the pitch"
1784664114442,$undefined,1,NZ,Will Young,Vitel Lawes,"Vitel Lawes to Will Young, <b>THATS OUT!!</b> Bowled!!"
1784664115772,19.2,1,NZ,Will Young,Vitel Lawes,"Vitel Lawes to Will Young, <b>out</b> Bowled!! Full credit to Lawes who has bounced back so well after his first two overs. <b>Will Young b Vitel Lawes 56(63) [4s-6 6s-1]</b>"
1784664169559,$undefined,1,NZ,Mark Chapman,Vitel Lawes,"<b>Mark Chapman, left handed bat, comes to the crease</b>"
1784664248894,19.3,1,NZ,Mark Chapman,Vitel Lawes,"Vitel Lawes to Mark Chapman, <b>FOUR</b>, slightly short and Chapman pounces! Turning away outside off, he goes back and slaps it hard through extra cover"
1784664287101,19.4,1,NZ,Mark Chapman,Vitel Lawes,"Vitel Lawes to Mark Chapman, 1 run, flat length ball turning away outside off, Chapman taps it from the crease through cover"
1784664317099,19.5,1,NZ,Nick Kelly,Vitel Lawes,"Vitel Lawes to Nick Kelly, no run, <b>doesn't pick the googly!</b> Slightly short and turns in a long way to cramp Kelly up."
1784664344924,19.6,1,NZ,Nick Kelly,Vitel Lawes,"Vitel Lawes to Nick Kelly, no run"
1784664421579,20.1,1,NZ,Mark Chapman,Gudakesh Motie,"Gudakesh Motie to Mark Chapman, no run"
1784664445659,20.2,1,NZ,Mark Chapman,Gudakesh Motie,"Gudakesh Motie to Mark Chapman, 1 run, knocks it from the crease down to long-on as Motie pushes it flat on leg"
1784664469751,20.3,1,NZ,Nick Kelly,Gudakesh Motie,"Gudakesh Motie to Nick Kelly, 1 run, too full, driven firmly to long-on"
1784664493768,20.4,1,NZ,Mark Chapman,Gudakesh Motie,"Gudakesh Motie to Mark Chapman, 1 run, to long-on"
1784664511798,20.5,1,NZ,Nick Kelly,Gudakesh Motie,"Gudakesh Motie to Nick Kelly, no run, lands it on a good length around off, Kelly is caught in the crease as he defends"
1784664534045,20.6,1,NZ,Nick Kelly,Gudakesh Motie,"Gudakesh Motie to Nick Kelly, 1 run, sliding through on middle, Kelly goes back and punches to long-on"
1784664596627,$undefined,1,NZ,Nick Kelly,Alzarri Joseph,<b>Alzarri Joseph [3.0-0-15-0] is back into the attack</b>
1784664602325,21.1,1,NZ,Nick Kelly,Alzarri Joseph,"Alzarri Joseph to Nick Kelly, <b>FOUR</b>, to deep extra cover"
1784664690199,21.2,1,NZ,Nick Kelly,Alzarri Joseph,"Alzarri Joseph to Nick Kelly, no run"
1784664732262,21.3,1,NZ,Nick Kelly,Alzarri Joseph,"Alzarri Joseph to Nick Kelly, 1 run, full outside off, driven to deep point"
1784664771062,21.4,1,NZ,Mark Chapman,Alzarri Joseph,"Alzarri Joseph to Mark Chapman, no run, over the wicket for Chapman, back of a length delivery angling away outside off, he tries working it through the on-side and <b>drags it off the inside edge onto pad</b>"
1784664817542,21.5,1,NZ,Mark Chapman,Alzarri Joseph,"Alzarri Joseph to Mark Chapman, 1 run, back of a length across off, he taps it from the crease wide of cover"
1784664861193,21.6,1,NZ,Nick Kelly,Alzarri Joseph,"Alzarri Joseph to Nick Kelly, no run"
1784664934809,22.1,1,NZ,Mark Chapman,Gudakesh Motie,"Gudakesh Motie to Mark Chapman, 1 run, flat on middle and leg, Chapman punches off the back foot to long-on"
1784664972911,22.2,1,NZ,Nick Kelly,Gudakesh Motie,"Gudakesh Motie to Nick Kelly, no run, <b>an absolute ripper from Motie!</b> Slows it down at 76kph"
1784664998552,22.3,1,NZ,Nick Kelly,Gudakesh Motie,"Gudakesh Motie to Nick Kelly, no run"
1784665021519,22.4,1,NZ,Nick Kelly,Gudakesh Motie,"Gudakesh Motie to Nick Kelly, 1 run, pushed down to long-on"
1784665048577,22.5,1,NZ,Mark Chapman,Gudakesh Motie,"Gudakesh Motie to Mark Chapman, 1 run, overpitched outside off, driven firmly to long-on"
1784665082327,22.6,1,NZ,Nick Kelly,Gudakesh Motie,"Gudakesh Motie to Nick Kelly, <b>FOUR</b>, tossed up just outside off"
1784665149860,23.1,1,NZ,Mark Chapman,Alzarri Joseph,"Alzarri Joseph to Mark Chapman, no run"
1784665190336,23.2,1,NZ,Mark Chapman,Alzarri Joseph,"Alzarri Joseph to Mark Chapman, 1 run, to mid-on"
1784665235858,23.3,1,NZ,Nick Kelly,Alzarri Joseph,"Alzarri Joseph to Nick Kelly, no run"
1784665274055,23.4,1,NZ,Nick Kelly,Alzarri Joseph,"Alzarri Joseph to Nick Kelly, no run"
1784665314560,23.5,1,NZ,Nick Kelly,Alzarri Joseph,"Alzarri Joseph to Nick Kelly, no run"
1784665355031,23.6,1,NZ,Nick Kelly,Alzarri Joseph,"Alzarri Joseph to Nick Kelly, 1 run, short of length on off"
1784665432904,$undefined,1,NZ,Nick Kelly,Vitel Lawes,<b>Vitel Lawes [4.0-0-22-1] is back into the attack</b>
1784665457894,24.1,1,NZ,Nick Kelly,Vitel Lawes,"Vitel Lawes to Nick Kelly, 1 run, to cover"
1784666318112,26.6,1,NZ,Nick Kelly,Vitel Lawes,"Vitel Lawes to Nick Kelly, 2 runs, tossed up delivery, on the sticks, drilled down and wide of the bowler for a brace. That was fetched back by the man at long-on"
1784666385601,27.1,1,NZ,Tom Latham,Jayden Seales,"Jayden Seales to Tom Latham, no run, fuller length delivery, outside off, patted down into the off-side"
1784666421725,27.2,1,NZ,Tom Latham,Jayden Seales,"Jayden Seales to Tom Latham, 1 run, on the hips, tucked down to deep square for a single"
1784666463163,27.3,1,NZ,Nick Kelly,Jayden Seales,"Jayden Seales to Nick Kelly, 1 run, back of a length delivery, outside off, Nick Kelly punched down to deep cover for a single"
1784666497447,27.4,1,NZ,Tom Latham,Jayden Seales,"Jayden Seales to Tom Latham, 1 run, angled in, at the ribs, tucked down to fine leg for a single"
1784666535518,27.5,1,NZ,Nick Kelly,Jayden Seales,"Jayden Seales to Nick Kelly, no run, length delivery, outside off, patted down to the man at cover"
1784666567906,27.6,1,NZ,Nick Kelly,Jayden Seales,"Jayden Seales to Nick Kelly, no run, length delivery, outside off, patted down into the off-side"
1784666631477,28.1,1,NZ,Tom Latham,Vitel Lawes,"Vitel Lawes to Tom Latham, no run, well tossed up delivery and pushed down to cover"
1784666658652,28.2,1,NZ,Tom Latham,Vitel Lawes,"Vitel Lawes to Tom Latham, no run, angled in, on the pads, Tom Latham looks to tuck it away and misses. The ball goes off the pads on the off-side"
1784666680968,28.3,1,NZ,Tom Latham,Vitel Lawes,"Vitel Lawes to Tom Latham, no run, tossed up delivery, driven down to cover"
1784666705830,28.4,1,NZ,Tom Latham,Vitel Lawes,"Vitel Lawes to Tom Latham, <b>FOUR</b>, dropped short, on the sticks, Tom Latham rocks back and slams the pull over mid-wicket. That was a strong shot from the left hander"
1784666741727,28.5,1,NZ,Tom Latham,Vitel Lawes,"Vitel Lawes to Tom Latham, 1 run, well tossed up delivery, punched down to long-off for a single"
1784666763041,28.6,1,NZ,Nick Kelly,Vitel Lawes,"Vitel Lawes to Nick Kelly, no run, pats the ball down to the bowler"
1784666831171,$undefined,1,NZ,Tom Latham,Matthew Forde,<b>Matthew Forde [5.0-1-24-1] is back into the attack</b>
1784666842104,29.1,1,NZ,Tom Latham,Matthew Forde,"Matthew Forde to Tom Latham, no run, angled in, on the sticks, tucked down to mid-wicket"
1784666875521,29.2,1,NZ,Tom Latham,Matthew Forde,"Matthew Forde to Tom Latham, no run, on a length, stabbed down to cover"
1784666917828,29.3,1,NZ,Tom Latham,Matthew Forde,"Matthew Forde to Tom Latham, no run, slower one, outside off, Tom Latham stabs the ball down to point"
1784666961151,29.4,1,NZ,Tom Latham,Matthew Forde,"Matthew Forde to Tom Latham, no run, slower, outside off, patted down to point"
1784667000594,29.5,1,NZ,Tom Latham,Matthew Forde,"Matthew Forde to Tom Latham, no run, fuller length delivery, Tom Latham stabs it down to the bowler"
1784667035652,29.6,1,NZ,Tom Latham,Matthew Forde,"Matthew Forde to Tom Latham, 1 run, stabs the ball down into the off-side with soft hands for a single"
1784667247503,$undefined,1,NZ,,,Drinks. NZ on top. Nick Kelly has been in fine nick. Latham looking good as well.
1784667321617,$undefined,1,NZ,Tom Latham,Gudakesh Motie,<b>Gudakesh Motie [5.0-0-27-0] is back into the attack</b>
1784667329027,30.1,1,NZ,Tom Latham,Gudakesh Motie,"Gudakesh Motie to Tom Latham, no run, tossed up delivery, pushed back to the bowler"
1784667350283,30.2,1,NZ,Tom Latham,Gudakesh Motie,"Gudakesh Motie to Tom Latham, 2 runs, dropped short, angled in, Tom Latham rocks back and pulls the ball behind square. They get a brace"
1784667370835,30.3,1,NZ,Tom Latham,Gudakesh Motie,"Gudakesh Motie to Tom Latham, no run, tossed up delivery and has been fenced out into the deck"
1784667401134,30.4,1,NZ,Tom Latham,Gudakesh Motie,"Gudakesh Motie to Tom Latham, 3 runs, tossed up delivery, Tom Latham dances down and lofts it over mid-wicket. There was a vacant space there and they easily"
1784667425315,30.5,1,NZ,Nick Kelly,Gudakesh Motie,"Gudakesh Motie to Nick Kelly, 1 run, to mid-wicket"
1784667447238,30.6,1,NZ,Tom Latham,Gudakesh Motie,"Gudakesh Motie to Tom Latham, 1 run, to square leg"
1784665814963,$undefined,1,NZ,Tom Latham,Jayden Seales,<b>Jayden Seales [5.0-1-24-0] is back into the attack</b>
1784665818666,25.1,1,NZ,Tom Latham,Jayden Seales,"Jayden Seales to Tom Latham, no run, length delivery, Tom Latham presses forward and almost pats it back to the bowler. The bowler tried but was well right to him"
1784665847135,25.2,1,NZ,Tom Latham,Jayden Seales,"Jayden Seales to Tom Latham, <b>FOUR</b>, back of a length delivery, outside off, Tom Latham looks to stab it down and gets an edge. The ball flies fine and wide of the keeper for a four. That was an edgy affair but Tom Latham got away with it"
1784665891063,25.3,1,NZ,Tom Latham,Jayden Seales,"Jayden Seales to Tom Latham, no run, on a length, outside off, patted down to point"
1784665928238,25.4,1,NZ,Tom Latham,Jayden Seales,"Jayden Seales to Tom Latham, 1 run, angled in, back of a length delivery, tucked down to deep square for a single"
1784665966295,25.5,1,NZ,Nick Kelly,Jayden Seales,"Jayden Seales to Nick Kelly, no run, back of a length delivery, outside off, Nick Kelly looks to punch it and misses. The ball beats the edge not by much"
1784666006885,25.6,1,NZ,Nick Kelly,Jayden Seales,"Jayden Seales to Nick Kelly, no run, length delivery, outside off, stabbed down to cover"
1784666085253,26.1,1,NZ,Tom Latham,Vitel Lawes,"Vitel Lawes to Tom Latham, 1 run, tossed up delivery, outside off, patted wide of the bowler for a single. That was a googly from Vitel Lawes"
1784666132352,26.2,1,NZ,Nick Kelly,Vitel Lawes,"Vitel Lawes to Nick Kelly, <b>no ball</b>, 2 runs, uh oh! Short ball, outside off, was slapped wide of deep cover for a brace. The bowler has overstepped. Poor from Vitel Lawes"
1784666171832,26.2,1,NZ,Nick Kelly,Vitel Lawes,"Vitel Lawes to Nick Kelly, <b>SIX</b>, dragged down short, buffet ball as that was a free-hit. Nick Kelly rocked back to slam it over deep mid. That was a huge hit indeed"
1784666221471,26.3,1,NZ,Nick Kelly,Vitel Lawes,"Vitel Lawes to Nick Kelly, 2 runs, loopy ball, outside off, slams the drive wide of cover for a brace"
1784666252931,26.4,1,NZ,Nick Kelly,Vitel Lawes,"Vitel Lawes to Nick Kelly, 2 runs, punched down and wide of deep cover for a brace. That was hit to the larger part of the boundary"
1784666283126,26.5,1,NZ,Nick Kelly,Vitel Lawes,"Vitel Lawes to Nick Kelly, no run, flatter one, outside off, stabbed down to short third man"
1784667505997,31.1,1,NZ,Tom Latham,Matthew Forde,"Matthew Forde to Tom Latham, no run, on a length, outside off, Tom Latham stabs it down to the off-side"
1784667548637,31.2,1,NZ,Tom Latham,Matthew Forde,"Matthew Forde to Tom Latham, no run"
1784667586795,31.3,1,NZ,Tom Latham,Matthew Forde,"Matthew Forde to Tom Latham, 1 run, to cover"
1784667642124,31.4,1,NZ,Nick Kelly,Matthew Forde,"Matthew Forde to Nick Kelly, no run"
1784667671931,31.5,1,NZ,Nick Kelly,Matthew Forde,"Matthew Forde to Nick Kelly, no run"
1784667711170,31.6,1,NZ,Nick Kelly,Matthew Forde,"Matthew Forde to Nick Kelly, 1 run, to gully"
1784667800252,32.1,1,NZ,Nick Kelly,Gudakesh Motie,"Gudakesh Motie to Nick Kelly, no run"
1784667815115,32.2,1,NZ,Nick Kelly,Gudakesh Motie,"Gudakesh Motie to Nick Kelly, 1 run"
1784667829947,32.3,1,NZ,Tom Latham,Gudakesh Motie,"Gudakesh Motie to Tom Latham, no run"
1784667846343,32.4,1,NZ,Tom Latham,Gudakesh Motie,"Gudakesh Motie to Tom Latham, no run"
1784667865289,32.5,1,NZ,Tom Latham,Gudakesh Motie,"Gudakesh Motie to Tom Latham, 1 run, to backward square leg"
1784667886537,32.6,1,NZ,Nick Kelly,Gudakesh Motie,"Gudakesh Motie to Nick Kelly, no run"
1784668006603,$undefined,1,NZ,,,Review taken.
1784668029419,33.1,1,NZ,Tom Latham,Matthew Forde,"Matthew Forde to Tom Latham, no run"
1784668054780,33.2,1,NZ,Tom Latham,Matthew Forde,"Matthew Forde to Tom Latham, no run"
1784668091974,33.3,1,NZ,Tom Latham,Matthew Forde,"Matthew Forde to Tom Latham, 1 run, to backward square leg"
1784668141000,33.4,1,NZ,Nick Kelly,Matthew Forde,"Matthew Forde to Nick Kelly, 1 run, fuller length delivery, outside off, patted down to deep cover for a single"
1784668189065,33.5,1,NZ,Tom Latham,Matthew Forde,"Matthew Forde to Tom Latham, 2 runs, to backward square leg"
1784668228603,33.6,1,NZ,Tom Latham,Matthew Forde,"Matthew Forde to Tom Latham, <b>FOUR</b>, to long-off"
1784668363072,34.1,1,NZ,Nick Kelly,Gudakesh Motie,"Gudakesh Motie to Nick Kelly, 2 runs, arm ball, arrowed in, Nick Kelly looks to punch and gets an inside edge"
1784668381270,$undefined,1,NZ,Nick Kelly,Gudakesh Motie,"Gudakesh Motie to Nick Kelly, <b>THATS OUT!!</b> Caught!!"
1784668382795,34.2,1,NZ,Nick Kelly,Gudakesh Motie,"Gudakesh Motie to Nick Kelly, <b>out</b> Caught by Justin Greaves!! <b>Nick Kelly c Justin Greaves b Gudakesh Motie 64(80) [4s-5 6s-2]</b>"
1784668503313,$undefined,1,NZ,Michael Bracewell,Gudakesh Motie,"<b>Michael Bracewell, left handed bat, comes to the crease</b>"
1784668508208,34.3,1,NZ,Michael Bracewell,Gudakesh Motie,"Gudakesh Motie to Michael Bracewell, no run, on the pads"
1784668530983,34.4,1,NZ,Michael Bracewell,Gudakesh Motie,"Gudakesh Motie to Michael Bracewell, 1 run, to deep square leg"
1784668552740,34.5,1,NZ,Tom Latham,Gudakesh Motie,"Gudakesh Motie to Tom Latham, no run, tossed up delivery, outside off, stabbed down to short third man"
1784668567022,34.6,1,NZ,Tom Latham,Gudakesh Motie,"Gudakesh Motie to Tom Latham, no run, on the pads"
1784668635320,$undefined,1,NZ,Michael Bracewell,Alzarri Joseph,<b>Alzarri Joseph [5.0-0-23-0] is back into the attack</b>
1784668640110,35.1,1,NZ,Michael Bracewell,Alzarri Joseph,"Alzarri Joseph to Michael Bracewell, no run"
1784668683214,35.2,1,NZ,Michael Bracewell,Alzarri Joseph,"Alzarri Joseph to Michael Bracewell, no run, on a length, outside off, Michael Bracewell stabs it down to cover"
1784668723052,35.3,1,NZ,Michael Bracewell,Alzarri Joseph,"Alzarri Joseph to Michael Bracewell, no run"
1784668763960,35.4,1,NZ,Michael Bracewell,Alzarri Joseph,"Alzarri Joseph to Michael Bracewell, no run"
1784668808285,$undefined,1,NZ,Michael Bracewell,Alzarri Joseph,"Alzarri Joseph to Michael Bracewell, <b>THATS OUT!!</b> Caught!!"
1784668810443,35.5,1,NZ,Michael Bracewell,Alzarri Joseph,"Alzarri Joseph to Michael Bracewell, <b>out</b> Caught by Shai Hope!! <b>Michael Bracewell c Shai Hope b Alzarri Joseph 1(7)</b>"
1784668877364,$undefined,1,NZ,Mitchell Santner,Alzarri Joseph,"<b>Mitchell Santner, left handed bat, comes to the crease</b>"
1784668927477,35.6,1,NZ,Mitchell Santner,Alzarri Joseph,"Alzarri Joseph to Mitchell Santner, no run, on a length, well outside off, left alone"
1784669030481,36.1,1,NZ,Tom Latham,Gudakesh Motie,"Gudakesh Motie to Tom Latham, 1 run, push driven down to the man at mid-off and scampered off. There was no direct hit at"
1784669034664,36.2,1,NZ,Mitchell Santner,Gudakesh Motie,"Gudakesh Motie to Mitchell Santner, no run"
1784669096574,36.3,1,NZ,Mitchell Santner,Gudakesh Motie,"Gudakesh Motie to Mitchell Santner, no run"
1784669099860,36.4,1,NZ,Mitchell Santner,Gudakesh Motie,"Gudakesh Motie to Mitchell Santner, 1 run, flatter one, outside off, slapped down to loong-off for a single"
1784669125833,36.5,1,NZ,Tom Latham,Gudakesh Motie,"Gudakesh Motie to Tom Latham, 1 run"
1784669135728,36.6,1,NZ,Mitchell Santner,Gudakesh Motie,"Gudakesh Motie to Mitchell Santner, no run, flatter one, spins in, Mitchell Santner looks to defend and gets an inside edge down to the man at square leg"
1784669202994,37.1,1,NZ,Tom Latham,Alzarri Joseph,"Alzarri Joseph to Tom Latham, 1 run, to point"
1784670290062,41.3,1,NZ,Mitchell Santner,Jayden Seales,"Jayden Seales to Mitchell Santner, no run, punched down to the man at cover"
1784670333869,41.4,1,NZ,Mitchell Santner,Jayden Seales,"Jayden Seales to Mitchell Santner, 1 run, length delivery, outside off, opens the face of the bat and runs it down"
1784670388595,41.5,1,NZ,Tom Latham,Jayden Seales,"Jayden Seales to Tom Latham, no run, stays leg-side of the ball and punches the ball down to point"
1784670426122,41.6,1,NZ,Tom Latham,Jayden Seales,"Jayden Seales to Tom Latham, 1 run, angled in, on to the hips and has been tucked down to deep mid for a single"
1784670484463,42.1,1,NZ,Tom Latham,Vitel Lawes,"Vitel Lawes to Tom Latham, 1 run, inside out chip and landed short of the man at long-off. That was hurled back"
1784670524891,42.2,1,NZ,Mitchell Santner,Vitel Lawes,"Vitel Lawes to Mitchell Santner, 1 run, slaps the cut down to deep cover for a single as that turned away"
1784670564606,42.3,1,NZ,Tom Latham,Vitel Lawes,"Vitel Lawes to Tom Latham, 1 run, charges down, punches it back past the bowler and they get a single"
1784670589116,42.4,1,NZ,Mitchell Santner,Vitel Lawes,"Vitel Lawes to Mitchell Santner, no run, doesn't read the turn well and tucks it back to the bowler"
1784670612685,42.5,1,NZ,Mitchell Santner,Vitel Lawes,"Vitel Lawes to Mitchell Santner, no run, the stumping query was taken upstairs. But the batter managed to drag his left leg back into the crease"
1784670667732,42.6,1,NZ,Mitchell Santner,Vitel Lawes,"Vitel Lawes to Mitchell Santner, no run, tucks the ball down to mid-wicket as that was on the sticks"
1784670737926,43.1,1,NZ,Tom Latham,Jayden Seales,"Jayden Seales to Tom Latham, 1 run, plays it off the pads and down to deep mid for a single"
1784670784984,43.2,1,NZ,Mitchell Santner,Jayden Seales,"Jayden Seales to Mitchell Santner, 1 run, plays the through the off-side this time"
1784670830092,43.3,1,NZ,Tom Latham,Jayden Seales,"Jayden Seales to Tom Latham, <b>SIX</b>, and sixer! That was helped on its way over fine leg. That was a back of a length delivery and <b>Tom Latham did well to reach to his fifty</b>. The batter got inside the line of the delivery and then picked his spot"
1784670888527,43.4,1,NZ,Tom Latham,Jayden Seales,"Jayden Seales to Tom Latham, <b>FOUR</b>, and the party continues for Tom Latham. Was a fuller length and Tom Latham drilled it back past the bowler"
1784670931860,43.5,1,NZ,Tom Latham,Jayden Seales,"Jayden Seales to Tom Latham, no run, driven on the up but found the man at cover"
1784670976045,43.6,1,NZ,Tom Latham,Jayden Seales,"Jayden Seales to Tom Latham, 2 runs, a little forward press and has been punched past the man at cover for a brace. That was hit on the up and into the gap"
1784671070600,44.1,1,NZ,Mitchell Santner,Vitel Lawes,"Vitel Lawes to Mitchell Santner, 1 run, clears his front foot, looks to drive and edges the ball down to short third man for a single"
1784671113941,44.2,1,NZ,Tom Latham,Vitel Lawes,"Vitel Lawes to Tom Latham, no run, dances down, gets too close, jams the ball down into the deck"
1784671146891,44.3,1,NZ,Tom Latham,Vitel Lawes,"Vitel Lawes to Tom Latham, 2 runs, just short of the man at cover! Tom Latham danced down, never to the pitch of the ball. Jabbed at it and it landed just wide"
1784671191828,44.4,1,NZ,Tom Latham,Vitel Lawes,"Vitel Lawes to Tom Latham, <b>FOUR</b>, to long-on"
1784670146839,40.6,1,NZ,Tom Latham,Vitel Lawes,"Vitel Lawes to Tom Latham, no run, tossed up delivery, on the sticks, Tom Latham gets a stride out and defends it into the off-side"
1784670215820,$undefined,1,NZ,Mitchell Santner,Jayden Seales,<b>Jayden Seales [7.0-1-32-0] is back into the attack</b>
1784670218517,41.1,1,NZ,Mitchell Santner,Jayden Seales,"Jayden Seales to Mitchell Santner, no run, punches a short of length delivery down to cover as that was outside off"
1784670253377,41.2,1,NZ,Mitchell Santner,Jayden Seales,"Jayden Seales to Mitchell Santner, no run, short of length delivery, Mitchell Santner stays his crease and defends it down into the off-side"
1784671278314,$undefined,1,NZ,,,Appeal for a run-out.
1784671282351,$undefined,1,NZ,Tom Latham,Vitel Lawes,"Vitel Lawes to Tom Latham, <b>THATS OUT!!</b> Run Out!!"
1784671284099,44.5,1,NZ,Tom Latham,Vitel Lawes,"Vitel Lawes to Tom Latham, <b>out</b> Mitchell Santner Run Out!! Not his most fluent knock and he would be gutted. <b>Mitchell Santner run out (Jayden Seales/Shai Hope) 13(27) [6s-1]</b>"
1784671319926,$undefined,1,NZ,Tom Latham,Vitel Lawes,"<b>Nathan Smith, right handed bat, comes to the crease</b>"
1784671364693,44.6,1,NZ,Nathan Smith,Vitel Lawes,"Vitel Lawes to Nathan Smith, no run, tossed up delivery"
1784671437034,$undefined,1,NZ,Tom Latham,Matthew Forde,<b>Matthew Forde [8.0-1-35-1] is back into the attack</b>
1784671447959,45.1,1,NZ,Tom Latham,Matthew Forde,"Matthew Forde to Tom Latham, 1 run, to extra cover"
1784671519504,45.2,1,NZ,Nathan Smith,Matthew Forde,"Matthew Forde to Nathan Smith, 1 run, plays it fine on the on-side and gets a single"
1784671538438,45.3,1,NZ,Tom Latham,Matthew Forde,"Matthew Forde to Tom Latham, 1 run, square of the wicket"
1784671576671,45.4,1,NZ,Nathan Smith,Matthew Forde,"Matthew Forde to Nathan Smith, <b>FOUR</b>, fuller length delivery"
1784671626607,45.5,1,NZ,Nathan Smith,Matthew Forde,"Matthew Forde to Nathan Smith, 1 run, to mid-on"
1784671681051,45.6,1,NZ,Tom Latham,Matthew Forde,"Matthew Forde to Tom Latham, 1 run, very full, wide outside off, Tom Latham recahes out and stabs it down into the off-side in search of a couple. But happy with a single"
1784671735126,$undefined,1,NZ,Tom Latham,Alzarri Joseph,<b>Alzarri Joseph [8.0-1-29-1] is back into the attack</b>
1784671785025,$undefined,1,NZ,Tom Latham,Alzarri Joseph,"Alzarri Joseph to Tom Latham, <b>THATS OUT!!</b> Caught!!"
1784671786599,46.1,1,NZ,Tom Latham,Alzarri Joseph,"Alzarri Joseph to Tom Latham, <b>out</b> Caught by Ackeem Auguste!! <b>Tom Latham c Ackeem Auguste b Alzarri Joseph 69(71) [4s-6 6s-1]</b>"
1784671830018,$undefined,1,NZ,Kristian Clarke,Alzarri Joseph,"<b>Kristian Clarke, right handed bat, comes to the crease</b>"
1784671907647,$undefined,1,NZ,,,Almost floors the batter with the yorker. Was there bat?
1784671982467,46.2,1,NZ,Kristian Clarke,Alzarri Joseph,"Alzarri Joseph to Kristian Clarke, no run"
1784672026192,46.3,1,NZ,Kristian Clarke,Alzarri Joseph,"Alzarri Joseph to Kristian Clarke, 2 runs, to mid-wicket"
1784672079631,46.4,1,NZ,Kristian Clarke,Alzarri Joseph,"Alzarri Joseph to Kristian Clarke, leg byes, 2 runs, tunnels that one in on the pads and Kristian Clarke"
1784672119786,46.5,1,NZ,Kristian Clarke,Alzarri Joseph,"Alzarri Joseph to Kristian Clarke, 1 run, fuller length delivery, angled it in, Kristian Clarke"
1784672166804,46.6,1,NZ,Nathan Smith,Alzarri Joseph,"Alzarri Joseph to Nathan Smith, 2 runs, to mid-on"
1784672232160,47.1,1,NZ,Kristian Clarke,Matthew Forde,"Matthew Forde to Kristian Clarke, no run"
1784672347284,$undefined,1,NZ,Kristian Clarke,Matthew Forde,"Matthew Forde to Kristian Clarke, <b>THATS OUT!!</b> Run Out!!"
1784672348299,47.2,1,NZ,Kristian Clarke,Matthew Forde,"Matthew Forde to Kristian Clarke, <b>out</b> Kristian Clarke Run Out!! 1 run completed. The batter wanted to take on the arm and has ended up losing his wicket. Thatw as flogged down wide of deep mid. <b>Kristian Clarke run out (Justin Greaves/Shai Hope) 4(6)</b>"
1784672371579,$undefined,1,NZ,Jacob Duffy,Matthew Forde,"<b>Jacob Duffy, right handed bat, comes to the crease</b>"
1784672384179,47.3,1,NZ,Jacob Duffy,Matthew Forde,"Matthew Forde to Jacob Duffy, 1 run, to backward square leg"
1784672418914,47.4,1,NZ,Nathan Smith,Matthew Forde,"Matthew Forde to Nathan Smith, 1 run, to deep square leg"
1784672458084,47.5,1,NZ,Jacob Duffy,Matthew Forde,"Matthew Forde to Jacob Duffy, 1 run"
1784672490610,47.6,1,NZ,Nathan Smith,Matthew Forde,"Matthew Forde to Nathan Smith, 1 run, to backward square leg"
1784672552337,48.1,1,NZ,Nathan Smith,Alzarri Joseph,"Alzarri Joseph to Nathan Smith, 1 run, to long-on"
1784672598987,48.2,1,NZ,Jacob Duffy,Alzarri Joseph,"Alzarri Joseph to Jacob Duffy, 1 run, yorkerish, angled in, at the boot, clipped behind square for a single"
1784672652443,48.3,1,NZ,Nathan Smith,Alzarri Joseph,"Alzarri Joseph to Nathan Smith, leg byes, 2 runs, low full toss, angled in, on the pads, Nathan Smith"
1784672694809,48.4,1,NZ,Nathan Smith,Alzarri Joseph,"Alzarri Joseph to Nathan Smith, leg byes, 1 run, low full toss, angled in, hits the pad on the full as he backed away to whip it but missed it. They steal a leg bye"
1784672745224,48.5,1,NZ,Jacob Duffy,Alzarri Joseph,"Alzarri Joseph to Jacob Duffy, 1 run, to long-on"
1784672791052,48.6,1,NZ,Nathan Smith,Alzarri Joseph,"Alzarri Joseph to Nathan Smith, 1 run, to mid-wicket"
