Ball ID,Over/Ball,Innings,Team,Batsman,Bowler,Commentary
1784476382088,27.1,1,WI,Gudakesh Motie,Jayden Lennox,"Jayden Lennox to Gudakesh Motie, no run, slow and short outside off, Motie punches to cover"
1784476397569,27.2,1,WI,Gudakesh Motie,Jayden Lennox,"Jayden Lennox to Gudakesh Motie, 2 runs, floaty full delivery just outside off, Motie lifts it back over the bowler's head off the toe end. Long-on tidies up and keeps it down to a double"
1784476417510,27.3,1,WI,Gudakesh Motie,Jayden Lennox,"Jayden Lennox to Gudakesh Motie, no run, full at the stumps, pushed back to the bowler"
1784476436146,27.4,1,WI,Gudakesh Motie,Jayden Lennox,"Jayden Lennox to Gudakesh Motie, 1 run, attempts to heave down the ground and skews it off the thick inside half towards long-on"
1784476463480,27.5,1,WI,Amir Jangoo,Jayden Lennox,"Jayden Lennox to Amir Jangoo, 1 run, <b>100 up for the West Indies.</b> Jangoo comes down the track and forces the drive through extra cover"
1784476486774,27.6,1,WI,Gudakesh Motie,Jayden Lennox,"Jayden Lennox to Gudakesh Motie, <b>FOUR</b>, much-needed hits these for the West Indies. Motie wallops straight and times it well enough to race away to the long-off fence"
1784476541874,28.1,1,WI,Amir Jangoo,Michael Bracewell,"Michael Bracewell to Amir Jangoo, no run, full on the stumps, Jangoo with a big stride forward to block into the off-side"
1784476570293,28.2,1,WI,Amir Jangoo,Michael Bracewell,"Michael Bracewell to Amir Jangoo, 1 run, punched off the back foot to the right of cover. The fielder dives and fumbles, creating a yes-no situation for the batters. It all ends well for the home side though"
1784476592797,28.3,1,WI,Gudakesh Motie,Michael Bracewell,"Michael Bracewell to Gudakesh Motie, 1 run, fuller on off, Motie drives it to the right of long-off"
1784476617096,28.4,1,WI,Amir Jangoo,Michael Bracewell,"Michael Bracewell to Amir Jangoo, 1 run, quicker on off stump, Jangoo forces it down to long-off"
1784476638429,28.5,1,WI,Gudakesh Motie,Michael Bracewell,"Michael Bracewell to Gudakesh Motie, no run, cut away hard to the right of the diving fielder at backward point"
1784476660601,28.6,1,WI,Gudakesh Motie,Michael Bracewell,"Michael Bracewell to Gudakesh Motie, 1 run, opens the bat face and punches this to the right of sweeper cover for a strike-retaining single"
1784476728563,29.1,1,WI,Gudakesh Motie,Jayden Lennox,"Jayden Lennox to Gudakesh Motie, <b>FOUR</b>, Jayden errs in line and gets punished! Motie picks it off his pads and helps it away to the fine leg fence with a well-timed flick"
1784476756023,29.2,1,WI,Gudakesh Motie,Jayden Lennox,"Jayden Lennox to Gudakesh Motie, 1 run, tossed up just outside off, driven away to the right of long-off"
1784476797557,29.3,1,WI,Amir Jangoo,Jayden Lennox,"Jayden Lennox to Amir Jangoo, 1 run, goes on the back foot and clips the slower length delivery to the left of mid-wicket"
1784476814292,29.4,1,WI,Gudakesh Motie,Jayden Lennox,"Jayden Lennox to Gudakesh Motie, 2 runs, allows the ball to turn in and tickles it off his pads to the left of short fine"
1784476843725,29.5,1,WI,Gudakesh Motie,Jayden Lennox,"Jayden Lennox to Gudakesh Motie, no run, appeal for leg before, but New Zealand not interested in the review. Did Motie get some bat on it? Looks like it. It turned in sharply from a length before taking a feather of an inside-edge onto the front pad"
1784476855622,29.6,1,WI,Gudakesh Motie,Jayden Lennox,"Jayden Lennox to Gudakesh Motie, no run, fuller from Jayden, driven back to the left of the bowler"
1784476906581,30.1,1,WI,Amir Jangoo,Michael Bracewell,"Michael Bracewell to Amir Jangoo, no run"
1784476930332,30.2,1,WI,Amir Jangoo,Michael Bracewell,"Michael Bracewell to Amir Jangoo, no run"
1784476948238,30.3,1,WI,Amir Jangoo,Michael Bracewell,"Michael Bracewell to Amir Jangoo, <b>FOUR</b>, to deep backward point"
1784476982129,30.4,1,WI,Amir Jangoo,Michael Bracewell,"Michael Bracewell to Amir Jangoo, no run"
1784477006942,30.5,1,WI,Amir Jangoo,Michael Bracewell,"Michael Bracewell to Amir Jangoo, 1 run, tossed up on off, Jangoo opens the bat face and drives all along the ground to sweeper cover"
1784477027783,30.6,1,WI,Gudakesh Motie,Michael Bracewell,"Michael Bracewell to Gudakesh Motie, no run, full on leg stump, Motie leans across and blocks it out to cover"
1784477108988,31.1,1,WI,Amir Jangoo,Jayden Lennox,"Jayden Lennox to Amir Jangoo, 2 runs, slower and wider of off, Jangoo slices the drive to the right of backward point and picks up an easy double"
1784477116092,31.2,1,WI,Amir Jangoo,Jayden Lennox,"Jayden Lennox to Amir Jangoo, 1 run, waits on the back foot and pings the punch to the right of sweeper cover"
1784477141796,31.3,1,WI,Gudakesh Motie,Jayden Lennox,"Jayden Lennox to Gudakesh Motie, no run, flicked off the pads to the left of Santner at short mid-wicket"
1784477155320,31.4,1,WI,Gudakesh Motie,Jayden Lennox,"Jayden Lennox to Gudakesh Motie, no run, full and just outside off, played back to the bowler"
1784477175389,31.5,1,WI,Gudakesh Motie,Jayden Lennox,"Jayden Lennox to Gudakesh Motie, no run, looks to flick and gets a leading edge to the right of cover"
1784477197926,31.6,1,WI,Gudakesh Motie,Jayden Lennox,"Jayden Lennox to Gudakesh Motie, 1 run, to long-on"
1784477248268,32.1,1,WI,Gudakesh Motie,Michael Bracewell,"Michael Bracewell to Gudakesh Motie, no run, flighted delivery just outside off, Motie drives straight to backward point"
1784477263028,32.2,1,WI,Gudakesh Motie,Michael Bracewell,"Michael Bracewell to Gudakesh Motie, no run, slapped off the back foot but straight to Santner at short extra cover"
1784477289834,32.3,1,WI,Gudakesh Motie,Michael Bracewell,"Michael Bracewell to Gudakesh Motie, 2 runs, square of the wicket"
1784477791264,$undefined,1,WI,,,Change of bats for Amir Jangoo. Looks like he has done some damage to the toe of his bat after attempting to drive off the third ball...
1784477811841,34.5,1,WI,Amir Jangoo,Matthew Fisher,"Matthew Fisher to Amir Jangoo, 1 run, full and wide of off, Jangoo drives square to the right of sweeper cover"
1784477845987,34.6,1,WI,Gudakesh Motie,Matthew Fisher,"Matthew Fisher to Gudakesh Motie, no run, full ball in the channel outside off at 141ks, left alone to the keeper"
1784477902893,35.1,1,WI,Amir Jangoo,Jayden Lennox,"Jayden Lennox to Amir Jangoo, 1 run, full and just outside off, Jangoo drives firmly to the right of long-on"
1784477930288,35.2,1,WI,Gudakesh Motie,Jayden Lennox,"Jayden Lennox to Gudakesh Motie, no run, short outside off, Motie punches straight to cover"
1784477948669,35.3,1,WI,Gudakesh Motie,Jayden Lennox,"Jayden Lennox to Gudakesh Motie, no run, similar pace just outside off, a gentle push back towards the bowler"
1784477984097,35.4,1,WI,Gudakesh Motie,Jayden Lennox,"Jayden Lennox to Gudakesh Motie, no run, quicker and fuller on the stumps, Motie is happy to block it down the pitch"
1784478006336,35.5,1,WI,Gudakesh Motie,Jayden Lennox,"Jayden Lennox to Gudakesh Motie, 1 run, loopy just outside off, Motie flicks to the left of the diving Kelly at square leg"
1784478041351,35.6,1,WI,Amir Jangoo,Jayden Lennox,"Jayden Lennox to Amir Jangoo, 1 run, skates down the track and slams the drive all along the ground to deep extra cover"
1784478098117,$undefined,1,WI,,,"That will be <b>drinks</b>, then. After being reduced to 81/6, Amir Jangoo and Gudakesh Motie have done a decent job to help their side recover. It's been a patient partnership built on strike rotation rather than boundaries, frustrating New Zealand's bowlers."
1784478278002,36.1,1,WI,Amir Jangoo,Matthew Fisher,"Matthew Fisher to Amir Jangoo, 1 run, back of a length outside off at 138ks, Jangoo opens the bat face and punches to sweeper cover"
1784478306571,36.2,1,WI,Gudakesh Motie,Matthew Fisher,"Matthew Fisher to Gudakesh Motie, <b>wide</b>, bumper angled down leg, Motie half-ducks and lets it go"
1784478339423,36.2,1,WI,Gudakesh Motie,Matthew Fisher,"Matthew Fisher to Gudakesh Motie, no run, short outside off at 139ks, hits the bat hard as Motie splices the defence to backward point"
1784478374590,36.3,1,WI,Gudakesh Motie,Matthew Fisher,"Matthew Fisher to Gudakesh Motie, 1 run, hops and tucks the 140ks back of a length delivery to Will Young at deep square"
1784478408671,36.4,1,WI,Amir Jangoo,Matthew Fisher,"Matthew Fisher to Amir Jangoo, <b>FOUR</b>, throws his hands at a 140ks length ball and sends a thick outside-edge flying down to the third man fence. Matthew Fisher can only afford a cheeky smile at that"
1784478445141,36.5,1,WI,Amir Jangoo,Matthew Fisher,"Matthew Fisher to Amir Jangoo, no run, length ball angled away outside off at 130ks, Jangoo cuts and skews it off the under edge to the right of the keeper"
1784478481952,36.6,1,WI,Amir Jangoo,Matthew Fisher,"Matthew Fisher to Amir Jangoo, <b>wide</b>, full and sliding down leg, Jangoo flicks and misses"
1784478514251,36.6,1,WI,Amir Jangoo,Matthew Fisher,"Matthew Fisher to Amir Jangoo, no run, tries to slog-pull a length ball and misses, the ball snakes in late and hits him high on the front pad"
1784478568035,$undefined,1,WI,Gudakesh Motie,Mitchell Santner,<b>Mitchell Santner [8.0-1-20-2] is back into the attack</b>
1784478580957,37.1,1,WI,Gudakesh Motie,Mitchell Santner,"Mitchell Santner to Gudakesh Motie, 1 run, late cut to the right of diving Smith at backward point"
1784477711714,34.3,1,WI,Amir Jangoo,Matthew Fisher,"Matthew Fisher to Amir Jangoo, no run, pitched up wide of off at 137ks, Jangoo biffs the drive off the toe end to mid-off"
1784477740058,34.4,1,WI,Amir Jangoo,Matthew Fisher,"Matthew Fisher to Amir Jangoo, <b>wide</b>, drags the length back and ends up hurling it down the leg-side"
1784477779223,34.4,1,WI,Amir Jangoo,Matthew Fisher,"Matthew Fisher to Amir Jangoo, no run, curls back from a length and beats Amir Jangoo on the under edge"
1784478680877,37.2,1,WI,Amir Jangoo,Mitchell Santner,"Mitchell Santner to Amir Jangoo, 2 runs, slow and short outside off, Jangoo muscles the pull to the right of deep mid-wicket and nearly gets a boundary, or has he? Chapman with a desperate dive inches inside the ropes and looks like he has done enough to keep it inside"
1784478691032,37.3,1,WI,Amir Jangoo,Mitchell Santner,"Mitchell Santner to Amir Jangoo, <b>FOUR</b>, no stopping this time around!"
1784478728014,37.4,1,WI,Amir Jangoo,Mitchell Santner,"Mitchell Santner to Amir Jangoo, 1 run, to sweeper cover"
1784478743807,37.5,1,WI,Gudakesh Motie,Mitchell Santner,"Mitchell Santner to Gudakesh Motie, no run, teasing full delivery on the stumps, Motie flicks and finds mid-wicket"
1784478767008,37.6,1,WI,Gudakesh Motie,Mitchell Santner,"Mitchell Santner to Gudakesh Motie, 1 run, full on leg stump, Motie flicks to the left of square leg and rushes through for a quick single"
1784478821929,38.1,1,WI,Gudakesh Motie,Matthew Fisher,"Matthew Fisher to Gudakesh Motie, 1 run, a fierce cut to the right of a diving kelly at backward point"
1784478852401,38.2,1,WI,Amir Jangoo,Matthew Fisher,"Matthew Fisher to Amir Jangoo, 1 run, ample width outside off for Amir Jangoo to slice the drive off the outside-edge down to third man"
1784478901646,$undefined,1,WI,Gudakesh Motie,Matthew Fisher,"Matthew Fisher to Gudakesh Motie, <b>THATS OUT!!</b> Caught!!"
1784478902867,38.3,1,WI,Gudakesh Motie,Matthew Fisher,"Matthew Fisher to Gudakesh Motie, <b>out</b> Caught by Tom Latham!! Not too many emotions from Matthew Fisher. Sees the keeper take the catch and looks very relieved. It was the cross seam length delivery in the outside off corridor, luring Motie into a flat-footed poke and taking thick outside-edge through to the keeper. <b>Gudakesh Motie c Tom Latham b Matthew Fisher 41(56) [4s-3 6s-1]</b>"
1784478961611,$undefined,1,WI,Alzarri Joseph,Matthew Fisher,"<b>Alzarri Joseph, right handed bat, comes to the crease</b>"
1784478997745,38.4,1,WI,Alzarri Joseph,Matthew Fisher,"Matthew Fisher to Alzarri Joseph, no run, fuller and just outside off, Joseph pushes it to cover"
1784479044551,38.5,1,WI,Alzarri Joseph,Matthew Fisher,"Matthew Fisher to Alzarri Joseph, 1 run, jumps inside the crease and tucks the 134ks length delivery to the right of square leg for a quick single"
1784479070875,38.6,1,WI,Amir Jangoo,Matthew Fisher,"Matthew Fisher to Amir Jangoo, 1 run, fuller ball in the channel wide of off, Jangoo opens the face and guides it square of third man"
1784479126305,39.1,1,WI,Amir Jangoo,Mitchell Santner,"Mitchell Santner to Amir Jangoo, no run, full on leg stump, Jangoo sweeps and hits it straight to short fine"
1784479145233,39.2,1,WI,Amir Jangoo,Mitchell Santner,"Mitchell Santner to Amir Jangoo, 1 run, quicker on off, punched down the ground to long-on"
1784479188815,39.3,1,WI,Alzarri Joseph,Mitchell Santner,"Mitchell Santner to Alzarri Joseph, 1 run, sees the fuller length and slogs it off the thick inside half to the right of deep square"
1784479214869,39.4,1,WI,Amir Jangoo,Mitchell Santner,"Mitchell Santner to Amir Jangoo, <b>FOUR</b>, lovely! Waltzes down the pitch and lofts this neatly over mid-off to claim <b>his second ODI fifty.</b>"
1784479263306,39.5,1,WI,Amir Jangoo,Mitchell Santner,"Mitchell Santner to Amir Jangoo, 1 run, to backward square leg"
1784479289348,39.6,1,WI,Alzarri Joseph,Mitchell Santner,"Mitchell Santner to Alzarri Joseph, no run, slider just outside off, Joseph cuts and picks out backward point"
1784479381255,$undefined,1,WI,Amir Jangoo,Matthew Fisher,"Matthew Fisher to Amir Jangoo, <b>THATS OUT!!</b> Caught!!"
1784479382466,40.1,1,WI,Amir Jangoo,Matthew Fisher,"Matthew Fisher to Amir Jangoo, <b>out</b> Caught by Nicholls!! <b>Amir Jangoo c Nicholls b Matthew Fisher 51(73) [4s-4]</b>"
1784479429304,$undefined,1,WI,Jayden Seales,Matthew Fisher,"<b>Jayden Seales, left handed bat, comes to the crease</b>"
1784479457865,40.2,1,WI,Jayden Seales,Matthew Fisher,"Matthew Fisher to Jayden Seales, no run"
1784479489457,40.3,1,WI,Jayden Seales,Matthew Fisher,"Matthew Fisher to Jayden Seales, 1 run, to fine leg"
1784479520204,40.4,1,WI,Alzarri Joseph,Matthew Fisher,"Matthew Fisher to Alzarri Joseph, no run"
1784479556989,40.5,1,WI,Alzarri Joseph,Matthew Fisher,"Matthew Fisher to Alzarri Joseph, <b>FOUR</b>, to long-off"
1784479603907,40.6,1,WI,Alzarri Joseph,Matthew Fisher,"Matthew Fisher to Alzarri Joseph, leg byes, 1 run"
1784479671126,$undefined,1,WI,Alzarri Joseph,Jayden Lennox,<b>Jayden Lennox [5.0-0-27-0] is back into the attack</b>
1784479676123,41.1,1,WI,Alzarri Joseph,Jayden Lennox,"Jayden Lennox to Alzarri Joseph, 1 run, to mid-wicket"
1784479701207,41.2,1,WI,Jayden Seales,Jayden Lennox,"Jayden Lennox to Jayden Seales, no run"
1784479741316,41.3,1,WI,Jayden Seales,Jayden Lennox,"Jayden Lennox to Jayden Seales, 1 run"
1784479754122,41.4,1,WI,Alzarri Joseph,Jayden Lennox,"Jayden Lennox to Alzarri Joseph, no run, shorter and flatter on the stumps, Joseph blocks it back to the bowler"
1784479774928,41.5,1,WI,Alzarri Joseph,Jayden Lennox,"Jayden Lennox to Alzarri Joseph, no run"
1784479795183,41.6,1,WI,Alzarri Joseph,Jayden Lennox,"Jayden Lennox to Alzarri Joseph, no run"
1784479853560,42.1,1,WI,Jayden Seales,Matthew Fisher,"Matthew Fisher to Jayden Seales, no run"
1784479877688,42.2,1,WI,Jayden Seales,Matthew Fisher,"Matthew Fisher to Jayden Seales, no run"
1784479916821,42.3,1,WI,Jayden Seales,Matthew Fisher,"Matthew Fisher to Jayden Seales, <b>FOUR</b>, to deep mid-wicket"
1784479959603,42.4,1,WI,Jayden Seales,Matthew Fisher,"Matthew Fisher to Jayden Seales, no run"
1784479992695,42.5,1,WI,Jayden Seales,Matthew Fisher,"Matthew Fisher to Jayden Seales, no run"
1784480033874,42.6,1,WI,Jayden Seales,Matthew Fisher,"Matthew Fisher to Jayden Seales, 1 run, to mid-wicket"
1784480086534,43.1,1,WI,Jayden Seales,Jayden Lennox,"Jayden Lennox to Jayden Seales, no run"
1784480103467,43.2,1,WI,Jayden Seales,Jayden Lennox,"Jayden Lennox to Jayden Seales, <b>wide</b>"
1784480200194,$undefined,1,WI,,,<b>Appeal for leg before.</b> No bat involved.
1784480206895,$undefined,1,WI,Jayden Seales,Jayden Lennox,"Jayden Lennox to Jayden Seales, <b>THATS OUT!!</b> Lbw!!"
1784480208191,43.2,1,WI,Jayden Seales,Jayden Lennox,"Jayden Lennox to Jayden Seales, <b>out</b> Lbw!! <b>Jayden Seales lbw b Jayden Lennox 7(12) [4s-1]</b>"
1784480247612,$undefined,1,WI,Vitel Lawes,Jayden Lennox,"<b>Vitel Lawes, left handed bat, comes to the crease</b>"
1784480322846,43.3,1,WI,Vitel Lawes,Jayden Lennox,"Jayden Lennox to Vitel Lawes, no run"
1784480340677,43.4,1,WI,Vitel Lawes,Jayden Lennox,"Jayden Lennox to Vitel Lawes, no run, looks to flick a quicker delivery and misses, wears it on the pads down the leg-side"
1784480357905,43.5,1,WI,Vitel Lawes,Jayden Lennox,"Jayden Lennox to Vitel Lawes, no run, full on off, played back to the bowler"
1784480377067,43.6,1,WI,Vitel Lawes,Jayden Lennox,"Jayden Lennox to Vitel Lawes, no run"
1784480438269,$undefined,1,WI,Alzarri Joseph,Michael Bracewell,<b>Michael Bracewell [8.0-1-32-1] is back into the attack</b>
1784480442821,44.1,1,WI,Alzarri Joseph,Michael Bracewell,"Michael Bracewell to Alzarri Joseph, 1 run, to mid-wicket"
1784480489860,44.2,1,WI,Vitel Lawes,Michael Bracewell,"Michael Bracewell to Vitel Lawes, 1 run"
1784480504317,44.3,1,WI,Alzarri Joseph,Michael Bracewell,"Michael Bracewell to Alzarri Joseph, 1 run, to mid-wicket"
1784480604360,$undefined,1,WI,Vitel Lawes,Michael Bracewell,"Michael Bracewell to Vitel Lawes, <b>THATS OUT!!</b> Caught!!"
1784480606575,44.4,1,WI,Vitel Lawes,Michael Bracewell,"Michael Bracewell to Vitel Lawes, <b>out</b> Caught by Mark Chapman!! <b>Vitel Lawes c Mark Chapman b Michael Bracewell 1(6)</b>"
1784480701962,$undefined,1,WI,,,"<b>13:04 local, 17:04 GMT, 22:34 IST:</b>"
1784481104766,$undefined,1,WI,,,"With the innings in danger of folding, Amir Jangoo and Gudakesh Motie dug deep and stitched together a superb 81-run stand that breathed life into the innings. Motie counterattacked with a fluent 41 while Jangoo held one end firm before bringing up a composed half-century, taking West Indies past 170 and raising hopes of a strong finish. But Fisher returned to break the partnership by dismissing both set batters, and that proved to be the decisive blow. The lower order couldn't add much thereafter as Jayden Lennox and Bracewell polished off the tail, with New Zealand wrapping up a dominant bowling show for the third successive time this series. Should be a straightforward chase. Back shortly for reply..."
1784482319030,$undefined,1,WI,,,"We are back for the run chase. The surface at Kensington Oval is a lot better than the ones we saw in Guyana, and it only got better as the first innings progressed. West Indies will need a few early wickets if they are to make a contest of this and keep the series alive. New Zealand openers Henry Nicholls and Will Young make their way to the middle."
1784482425484,$undefined,2,NZ,,,<b>Nicholls and Will Young are at the crease. Nicholls is on strike. Matthew Forde will open the attack</b>
1784482432950,0.1,2,NZ,Henry Nicholls,Matthew Forde,"Matthew Forde to Nicholls, no run"
1784482462008,0.2,2,NZ,Henry Nicholls,Matthew Forde,"Matthew Forde to Nicholls, no run"
1784482497205,0.3,2,NZ,Henry Nicholls,Matthew Forde,"Matthew Forde to Nicholls, no run"
1784482535722,$undefined,2,NZ,Henry Nicholls,Matthew Forde,"Matthew Forde to Nicholls, <b>THATS OUT!!</b> Caught!!"
1784482536936,0.4,2,NZ,Henry Nicholls,Matthew Forde,"Matthew Forde to Nicholls, <b>out</b> Caught by Shai Hope!! This is what West Indies wanted! New Zealand have lost Nicholls in the very first over. Angle from round the wicket, hits the length hard as the ball bounces a bit more than Nicholls expected. <b>Nicholls c Shai Hope b Matthew Forde 0(4)</b>"
1784482629713,$undefined,2,NZ,Nick Kelly,Matthew Forde,"<b>Nick Kelly, left handed bat, comes to the crease</b>"
1784482662868,0.5,2,NZ,Nick Kelly,Matthew Forde,"Matthew Forde to Nick Kelly, no run, huge appeal for an lbw, but that was going well above the stumps."
1784482693893,0.6,2,NZ,Nick Kelly,Matthew Forde,"Matthew Forde to Nick Kelly, no run"
1784482769844,$undefined,2,NZ,Will Young,Jayden Seales,"<b>Jayden Seales, right-arm medium, comes into the attack</b>"
1784482775642,1.1,2,NZ,Will Young,Jayden Seales,"Jayden Seales to Will Young, no run"
1784482807608,1.2,2,NZ,Will Young,Jayden Seales,"Jayden Seales to Will Young, no run"
1784482884546,1.3,2,NZ,Will Young,Jayden Seales,"Jayden Seales to Will Young, 1 run"
1784482923558,1.4,2,NZ,Nick Kelly,Jayden Seales,"Jayden Seales to Nick Kelly, 1 run, to fine leg"
1784482964867,1.5,2,NZ,Will Young,Jayden Seales,"Jayden Seales to Will Young, 1 run, to fine leg"
1784482999026,1.6,2,NZ,Nick Kelly,Jayden Seales,"Jayden Seales to Nick Kelly, no run"
1784483078023,2.1,2,NZ,Will Young,Matthew Forde,"Matthew Forde to Will Young, 1 run, to backward square leg"
1784483114375,2.2,2,NZ,Nick Kelly,Matthew Forde,"Matthew Forde to Nick Kelly, no run"
1784483154386,2.3,2,NZ,Nick Kelly,Matthew Forde,"Matthew Forde to Nick Kelly, 2 runs, full and on the stumps, Kelly flicks it between mid-on and mid-wicket and collects a brace"
1784483195474,$undefined,2,NZ,Nick Kelly,Matthew Forde,"Matthew Forde to Nick Kelly, <b>THATS OUT!!</b> Caught&Bowled!!"
1784483196763,2.4,2,NZ,Nick Kelly,Matthew Forde,"Matthew Forde to Nick Kelly, <b>out</b> Caught&Bowled!! What a catch! We saw Nathan Smith take one in the first innings, and Matthew Forde has now done the same. <b>Nick Kelly c and b Matthew Forde 3(7)</b>"
1784483290822,$undefined,2,NZ,Mark Chapman,Matthew Forde,"<b>Mark Chapman, left handed bat, comes to the crease</b>"
1784483323463,2.5,2,NZ,Mark Chapman,Matthew Forde,"Matthew Forde to Mark Chapman, no run"
1784483362434,2.6,2,NZ,Mark Chapman,Matthew Forde,"Matthew Forde to Mark Chapman, <b>wide</b>"
1784483417445,2.6,2,NZ,Mark Chapman,Matthew Forde,"Matthew Forde to Mark Chapman, 1 run"
1784483470935,3.1,2,NZ,Mark Chapman,Jayden Seales,"Jayden Seales to Mark Chapman, no run, Seales hits the length around off and gets it to go away with the angle, Chapman covers the line and defends it firmly"
1784483508492,3.2,2,NZ,Mark Chapman,Jayden Seales,"Jayden Seales to Mark Chapman, no run"
1784483542476,3.3,2,NZ,Mark Chapman,Jayden Seales,"Jayden Seales to Mark Chapman, 1 run, short and into the body on this occasion, Chapman hops and turns it to backward square leg for one run"
1784483584891,3.4,2,NZ,Will Young,Jayden Seales,"Jayden Seales to Will Young, <b>FOUR</b>, hit-me delivery from Seales and Young makes the most of it."
1784483624489,3.5,2,NZ,Will Young,Jayden Seales,"Jayden Seales to Will Young, 2 runs, to deep square leg"
1784483668169,3.6,2,NZ,Will Young,Jayden Seales,"Jayden Seales to Will Young, no run"
1784483722408,4.1,2,NZ,Mark Chapman,Matthew Forde,"Matthew Forde to Mark Chapman, <b>FOUR</b>, square of the wicket"
1784483766822,4.2,2,NZ,Mark Chapman,Matthew Forde,"Matthew Forde to Mark Chapman, no run"
1784485313482,$undefined,2,NZ,Tom Latham,Jayden Seales,"<b>Tom Latham, left handed bat, comes to the crease</b>"
1784485366330,9.2,2,NZ,Tom Latham,Jayden Seales,"Jayden Seales to Tom Latham, no run, gets behind the line and defends it confidently"
1784485399405,9.3,2,NZ,Tom Latham,Jayden Seales,"Jayden Seales to Tom Latham, no run"
1784485439468,9.4,2,NZ,Tom Latham,Jayden Seales,"Jayden Seales to Tom Latham, no run, wanted a single after tucking it to square leg but is turned down by his partner. The fielder has a shy at the stumps but doesn't hit, anyway Latham was inside by then"
1784485475830,9.5,2,NZ,Tom Latham,Jayden Seales,"Jayden Seales to Tom Latham, no run, on the pads and the left-hander works it square leg"
1784485510088,9.6,2,NZ,Tom Latham,Jayden Seales,"Jayden Seales to Tom Latham, no run, tailing into the pads from round the wicket, Latham works it straight to the fielder at square leg"
1784485578138,$undefined,2,NZ,Mark Chapman,Vitel Lawes,"<b>Vitel Lawes, comes into the attack</b>"
1784485588604,10.1,2,NZ,Mark Chapman,Vitel Lawes,"Vitel Lawes to Mark Chapman, no run, floated by the wristspinner, Chapman doesn't get to the pitch of the ball but manages to push it cover"
1784485615017,10.2,2,NZ,Mark Chapman,Vitel Lawes,"Vitel Lawes to Mark Chapman, 1 run, flights as Chapman slices the drive to deep point and scampers across to the other end"
1784485668227,10.3,2,NZ,Tom Latham,Vitel Lawes,"Vitel Lawes to Tom Latham, 1 run, fraction on the shorter side as Latham punches it to deep backward point"
1784485701649,10.4,2,NZ,Mark Chapman,Vitel Lawes,"Vitel Lawes to Mark Chapman, no run, tosses this one around off as Chapman comes forward and defends it back to the bowler"
1784485729640,10.5,2,NZ,Mark Chapman,Vitel Lawes,"Vitel Lawes to Mark Chapman, no run, <b>dropped!</b> Oh, that should have been taken! And that would have put New Zealand under some serious pressure. Slightly shorter and turning away as Chapman goes for the pull without getting into the right position and hits it to the left of the fielder at short mid-wicket. It wasn't too far away from him as Motie dived to his left but couldn't hold on to it"
1784485768064,10.6,2,NZ,Mark Chapman,Vitel Lawes,"Vitel Lawes to Mark Chapman, 1 run, plays it with the spin and drives it to long-off to retain the strike"
1784485823867,$undefined,2,NZ,Mark Chapman,Alzarri Joseph,"<b>Alzarri Joseph, right-arm fast, comes into the attack</b>"
1784485839303,11.1,2,NZ,Mark Chapman,Alzarri Joseph,"Alzarri Joseph to Mark Chapman, no run, fuller length delivery, on-driven down to mid-on off the inner-half of the bat"
1784485878266,11.2,2,NZ,Mark Chapman,Alzarri Joseph,"Alzarri Joseph to Mark Chapman, no run, angled across, nips away, Mark Chapman bails out of the push as he was a little squared up"
1784485913936,11.3,2,NZ,Mark Chapman,Alzarri Joseph,"Alzarri Joseph to Mark Chapman, no run, on a length, angled across, Mark Chapman stabs it down to mid-on"
1784485964466,11.4,2,NZ,Mark Chapman,Alzarri Joseph,"Alzarri Joseph to Mark Chapman, 1 run, stands tall and punches the ball down to deep cover for a single"
1784486004453,11.5,2,NZ,Tom Latham,Alzarri Joseph,"Alzarri Joseph to Tom Latham, no run, on a length, Tom Latham defends it back to the bowler"
1784486046753,11.6,2,NZ,Tom Latham,Alzarri Joseph,"Alzarri Joseph to Tom Latham, no run"
1784486125515,12.1,2,NZ,Mark Chapman,Vitel Lawes,"Vitel Lawes to Mark Chapman, 1 run, slaps that down to long-off for a single as that was dropped short outside off"
1784486149853,12.2,2,NZ,Tom Latham,Vitel Lawes,"Vitel Lawes to Tom Latham, no run, quicker, flatter, outside off, Tom Latham looks to chop it down and misses"
1784486171203,12.3,2,NZ,Tom Latham,Vitel Lawes,"Vitel Lawes to Tom Latham, 1 run, low full toss, fails to land it, driven down to long-off for a single"
1784486200102,12.4,2,NZ,Mark Chapman,Vitel Lawes,"Vitel Lawes to Mark Chapman, 1 run, flatter one, outside off, Mark Chapman pats it down to long-off for a single"
1784486240294,12.5,2,NZ,Tom Latham,Vitel Lawes,"Vitel Lawes to Tom Latham, 1 run, down leg, poor delivery, Tom Latham nudges it down"
1784486265268,12.6,2,NZ,Mark Chapman,Vitel Lawes,"Vitel Lawes to Mark Chapman, 1 run, to long-off"
1784486329548,13.1,2,NZ,Mark Chapman,Alzarri Joseph,"Alzarri Joseph to Mark Chapman, no run, on a length, at the sticks, pushed back to the bowler"
1784486367117,13.2,2,NZ,Mark Chapman,Alzarri Joseph,"Alzarri Joseph to Mark Chapman, no run, back of a length delivery, outside off, Mark Chapman"
1784486407682,13.3,2,NZ,Mark Chapman,Alzarri Joseph,"Alzarri Joseph to Mark Chapman, no run, on a length, Mark Chapman defends it back to the bowler"
1784486449755,13.4,2,NZ,Mark Chapman,Alzarri Joseph,"Alzarri Joseph to Mark Chapman, no run, short of length delivery, outside off, stabbed down to point"
1784486489182,13.5,2,NZ,Mark Chapman,Alzarri Joseph,"Alzarri Joseph to Mark Chapman, no run"
1784486542184,13.6,2,NZ,Mark Chapman,Alzarri Joseph,"Alzarri Joseph to Mark Chapman, 2 runs, back of a length delivery, outside off, punched down to deep cover for a single"
1784486611375,$undefined,2,NZ,,,Drinks. The visitors looking to rebuild.
1784486771341,14.1,2,NZ,Tom Latham,Vitel Lawes,"Vitel Lawes to Tom Latham, 1 run, tossed up delivery and has been driven down to long-off for a single"
1784486802980,14.2,2,NZ,Mark Chapman,Vitel Lawes,"Vitel Lawes to Mark Chapman, <b>SIX</b>, to long-on"
1784486833701,14.3,2,NZ,Mark Chapman,Vitel Lawes,"Vitel Lawes to Mark Chapman, no run"
1784486857929,14.4,2,NZ,Mark Chapman,Vitel Lawes,"Vitel Lawes to Mark Chapman, no run"
1784486880945,14.5,2,NZ,Mark Chapman,Vitel Lawes,"Vitel Lawes to Mark Chapman, <b>SIX</b>, dances down, was a googly I guess"
1784486936634,14.6,2,NZ,Mark Chapman,Vitel Lawes,"Vitel Lawes to Mark Chapman, 1 run, to long-off"
1784486996692,15.1,2,NZ,Mark Chapman,Alzarri Joseph,"Alzarri Joseph to Mark Chapman, no run, length delivery, outside off, Mark Chapman looks to slap it and misses"
1784487043637,15.2,2,NZ,Mark Chapman,Alzarri Joseph,"Alzarri Joseph to Mark Chapman, no run"
1784487081585,15.3,2,NZ,Mark Chapman,Alzarri Joseph,"Alzarri Joseph to Mark Chapman, <b>FOUR</b>, to long-on"
1784487127279,15.4,2,NZ,Mark Chapman,Alzarri Joseph,"Alzarri Joseph to Mark Chapman, no run, length delivery, outside off, Mark Chapman"
1784487171462,15.5,2,NZ,Mark Chapman,Alzarri Joseph,"Alzarri Joseph to Mark Chapman, no run, fuller length delivery, outside off, angled across, Mark Chapman pats it back to the bowler"
1784487213719,15.6,2,NZ,Mark Chapman,Alzarri Joseph,"Alzarri Joseph to Mark Chapman, no run"
1784487281898,$undefined,2,NZ,Tom Latham,Gudakesh Motie,"<b>Gudakesh Motie, Left arm orthodox, comes into the attack</b>"
1784487291599,16.1,2,NZ,Tom Latham,Gudakesh Motie,"Gudakesh Motie to Tom Latham, 1 run, to deep square leg"
1784487333197,16.2,2,NZ,Mark Chapman,Gudakesh Motie,"Gudakesh Motie to Mark Chapman, 1 run, knocks the ball down to long-on for a single"
1784487383436,$undefined,2,NZ,Tom Latham,Gudakesh Motie,"Gudakesh Motie to Tom Latham, <b>THATS OUT!!</b> Caught!!"
1784487384596,16.3,2,NZ,Tom Latham,Gudakesh Motie,"Gudakesh Motie to Tom Latham, <b>out</b> Caught by Justin Greaves!! <b>Tom Latham c Justin Greaves b Gudakesh Motie 5(14)</b>"
1784487426170,$undefined,2,NZ,Michael Bracewell,Gudakesh Motie,"<b>Michael Bracewell, left handed bat, comes to the crease</b>"
1784487474922,16.4,2,NZ,Michael Bracewell,Gudakesh Motie,"Gudakesh Motie to Michael Bracewell, no run, goes back and nudges the ball down to mid-wicket"
1784487499840,16.5,2,NZ,Michael Bracewell,Gudakesh Motie,"Gudakesh Motie to Michael Bracewell, leg byes, 1 run"
1784487558456,16.6,2,NZ,Mark Chapman,Gudakesh Motie,"Gudakesh Motie to Mark Chapman, <b>SIX</b>, spinning in, dragged down, the batter hopped back and slammed the pull over deep mid"
1784487588941,17.1,2,NZ,Michael Bracewell,Alzarri Joseph,"Alzarri Joseph to Michael Bracewell, 1 run, to deep backward point"
1784487629791,17.2,2,NZ,Mark Chapman,Alzarri Joseph,"Alzarri Joseph to Mark Chapman, no run"
1784487677191,17.3,2,NZ,Mark Chapman,Alzarri Joseph,"Alzarri Joseph to Mark Chapman, no run, short ball, angled across, outside off, Mark Chapman"
1784487721886,17.4,2,NZ,Mark Chapman,Alzarri Joseph,"Alzarri Joseph to Mark Chapman, no run"
1784487762363,17.5,2,NZ,Mark Chapman,Alzarri Joseph,"Alzarri Joseph to Mark Chapman, no run, back of a length delivery, outside off, patted down to cover"
1784487808792,17.6,2,NZ,Mark Chapman,Alzarri Joseph,"Alzarri Joseph to Mark Chapman, 1 run, to mid-on"
1784487875954,18.1,2,NZ,Mark Chapman,Gudakesh Motie,"Gudakesh Motie to Mark Chapman, <b>FOUR</b>, to deep square leg"
1784487928103,18.2,2,NZ,Mark Chapman,Gudakesh Motie,"Gudakesh Motie to Mark Chapman, no run, on the sticks, nudged down to mid-wicket"
1784487948703,18.3,2,NZ,Mark Chapman,Gudakesh Motie,"Gudakesh Motie to Mark Chapman, 1 run"
1784487979102,18.4,2,NZ,Michael Bracewell,Gudakesh Motie,"Gudakesh Motie to Michael Bracewell, 2 runs, reverse paddles the ball wide of the man at short third man for a couple of runs. That was flatter on the sticks. jangoo is down"
1784489649045,24.3,2,NZ,Michael Bracewell,Matthew Forde,"Matthew Forde to Michael Bracewell, 1 run, short ball, outside off, Michael Bracewell looks to cut and under-edges it. The man at cover got to the ball and needed to score a direct hit at the batter's end. He failed and they get a single. Chapman is down. Usurping liquids lying down on the ground. That was a back of a length delivery outside off and Michael Bracewell wanted to punch it but he mistimed it. They were hesitant to take the single and then went through with it"
1784489843574,24.4,2,NZ,Mark Chapman,Matthew Forde,"Matthew Forde to Mark Chapman, <b>SIX</b>, fuller length delivery, outside off, slower, Mark Chapman slammed it down the ground. He got to the pitch of the ball and launched it to send it over"
1784489881957,24.5,2,NZ,Mark Chapman,Matthew Forde,"Matthew Forde to Mark Chapman, no run, backs away and slaps it down to mid-off"
1784489920054,24.6,2,NZ,Mark Chapman,Matthew Forde,"Matthew Forde to Mark Chapman, no run, angled in, looks to pull and gets an under-edge down to short fine"
1784489984768,$undefined,2,NZ,Michael Bracewell,Gudakesh Motie,<b>Gudakesh Motie [2.0-0-19-1] is back into the attack</b>
1784489989229,25.1,2,NZ,Michael Bracewell,Gudakesh Motie,"Gudakesh Motie to Michael Bracewell, 1 run, stabs the ball down wide of short third man for a single"
1784490040234,$undefined,2,NZ,Mark Chapman,Gudakesh Motie,"Gudakesh Motie to Mark Chapman, <b>THATS OUT!!</b> Caught!!"
1784490041587,25.2,2,NZ,Mark Chapman,Gudakesh Motie,"Gudakesh Motie to Mark Chapman, <b>out</b> Caught by Sherfane Rutherford!! Taken at deep square. Excellent catch to end an excellent knock. That was a tossed up delivery and Mark Chapman sat down to slog sweep it. The ball went off the top-edge. The man in the deep dived to his right and managed to hold on. Is there a late twist? Motie has his second. <b>Mark Chapman c Sherfane Rutherford b Gudakesh Motie 80(82) [4s-8 6s-4]</b>"
1784490091800,$undefined,2,NZ,Mitchell Santner,Gudakesh Motie,"<b>Mitchell Santner, left handed bat, comes to the crease</b>"
1784490141038,25.3,2,NZ,Mitchell Santner,Gudakesh Motie,"Gudakesh Motie to Mitchell Santner, no run, fires it around off and gets it to turn in sharply, Santner covers the turn and punches it back to the bowler"
1784490155490,25.4,2,NZ,Mitchell Santner,Gudakesh Motie,"Gudakesh Motie to Mitchell Santner, no run, throws it on the fuller length outside off, driven straight to cover"
1784490171170,25.5,2,NZ,Mitchell Santner,Gudakesh Motie,"Gudakesh Motie to Mitchell Santner, no run, fired into the stumps, Santner plays it back to the bowler"
1784490190365,25.6,2,NZ,Mitchell Santner,Gudakesh Motie,"Gudakesh Motie to Mitchell Santner, 1 run, pushes this one to mid-off where the fielder makes a diving stop and saves three runs for West Indies"
1784490261176,26.1,2,NZ,Mitchell Santner,Matthew Forde,"Matthew Forde to Mitchell Santner, no run, on the pads from round the wicket, Santner turns it to the leg-side"
1784490293952,26.2,2,NZ,Mitchell Santner,Matthew Forde,"Matthew Forde to Mitchell Santner, 1 run, good length coming in with the angle at 128.4kph, Santner opens the face of the blade and guides it to third man for one"
1784490334506,26.3,2,NZ,Michael Bracewell,Matthew Forde,"Matthew Forde to Michael Bracewell, no run, hits the length once again takes the aerial route and goes over 125kph, Bracewell waits for it and tucks it to mid-wicket"
1784490368602,26.4,2,NZ,Michael Bracewell,Matthew Forde,"Matthew Forde to Michael Bracewell, 1 run, slightly fuller around off and that allows Bracewell to slice the drive to square of the wicket and move to the other end"
1784490402299,26.5,2,NZ,Mitchell Santner,Matthew Forde,"Matthew Forde to Mitchell Santner, no run, short of a length close to off but doesn't really bounces, stays a tad low but Santner adjusts to pat it to the point fielder"
1784490448891,26.6,2,NZ,Mitchell Santner,Matthew Forde,"Matthew Forde to Mitchell Santner, no run, slanting in from round the wicket, the line is close to off and Santner is happy to offer a straight-batted block"
1784490510285,27.1,2,NZ,Michael Bracewell,Gudakesh Motie,"Gudakesh Motie to Michael Bracewell, no run"
1784490522999,27.2,2,NZ,Michael Bracewell,Gudakesh Motie,"Gudakesh Motie to Michael Bracewell, no run, tossed up once again at 79kph, Bracewell plays it to mid-off once again after reaching out"
1784490537670,27.3,2,NZ,Michael Bracewell,Gudakesh Motie,"Gudakesh Motie to Michael Bracewell, no run, pushes it quicker on the stumps at over 91kph, Bracewell tucks it to mid-wicket"
1784490556725,27.4,2,NZ,Michael Bracewell,Gudakesh Motie,"Gudakesh Motie to Michael Bracewell, no run, pushes it outside off on this occasion, Bracewell prods forward and plays it to mid-off"
1784490572102,27.5,2,NZ,Michael Bracewell,Gudakesh Motie,"Gudakesh Motie to Michael Bracewell, 1 run, fraction shorter and Bracewell goes deep inside the crease to punch it to long-on"
1784490605032,27.6,2,NZ,Mitchell Santner,Gudakesh Motie,"Gudakesh Motie to Mitchell Santner, 1 run, drifting away as Santner goes on the back foot and makes some room to slice it to sweeper cover for an easy single"
1784490680069,28.1,2,NZ,Mitchell Santner,Matthew Forde,"Matthew Forde to Mitchell Santner, no run, reads the back of a length delivery quite early and is happy to wait and dead bat it to mid-wicket"
1784490717986,28.2,2,NZ,Mitchell Santner,Matthew Forde,"Matthew Forde to Mitchell Santner, 2 runs, that wasn't too far away from the fielder at short cover. Short and wide and Santner stands tall to tap it to the right of the diving fielder for a couple of runs"
1784490783403,28.3,2,NZ,Mitchell Santner,Matthew Forde,"Matthew Forde to Mitchell Santner, no run, pushes it a bit quicker at more than 127kph, on the pads but Santner brings his bat down and knocks it to mid-on"
1784490819009,28.4,2,NZ,Mitchell Santner,Matthew Forde,"Matthew Forde to Mitchell Santner, no run, on length around off, Santner plays it to the off-side on the front foot"
1784490851126,28.5,2,NZ,Mitchell Santner,Matthew Forde,"Matthew Forde to Mitchell Santner, no run, slanting into the stumps as Santner plays it late and defends it back to the bowler without any trouble"
1784490886458,28.6,2,NZ,Mitchell Santner,Matthew Forde,"Matthew Forde to Mitchell Santner, no run"
1784490945693,$undefined,2,NZ,,,The visuals suggest that rain is approaching from the east and is just around the corner.
1784492485902,$undefined,2,NZ,,,"<b>16:16 Local Time, 20:16 GMT, 01:46 IST:</b> We have some good news from Bridgetown. The skies have cleared, the covers are coming off, and we shouldn't be too far away from the action resuming."
1784493009350,$undefined,2,NZ,Michael Bracewell,Gudakesh Motie,"Gudakesh Motie to Michael Bracewell, <b>THATS OUT!!</b> Bowled!!"
1784493011278,29.1,2,NZ,Michael Bracewell,Gudakesh Motie,"Gudakesh Motie to Michael Bracewell, <b>out</b> Bowled!! The rain break has brought some luck. That was a flatter one, down leg, Michael Bracewell walked across too much and missed the nudge. The ball slammed into the sticks. Michael Bracewell is stunned but has to go back. Wicket right after the break. <b>Michael Bracewell b Gudakesh Motie 32(31) [4s-4 6s-1]</b>"
1784493076041,$undefined,2,NZ,Nathan Smith,Gudakesh Motie,"<b>Nathan Smith, right handed bat, comes to the crease</b>"
1784493095448,29.2,2,NZ,Nathan Smith,Gudakesh Motie,"Gudakesh Motie to Nathan Smith, no run, defends it back to the bowler"
1784493113471,29.3,2,NZ,Nathan Smith,Gudakesh Motie,"Gudakesh Motie to Nathan Smith, 1 run, flatter one, outside off, punched down to deep cover for a single"
1784493144336,29.4,2,NZ,Mitchell Santner,Gudakesh Motie,"Gudakesh Motie to Mitchell Santner, 1 run, flatter one, outside off, patted down into the off-side for a single"
1784493189241,29.5,2,NZ,Nathan Smith,Gudakesh Motie,"Gudakesh Motie to Nathan Smith, 1 run, low full toss, dipping on the batter, clipped down to mid-on and they scamper a single"
1784493224573,29.6,2,NZ,Mitchell Santner,Gudakesh Motie,"Gudakesh Motie to Mitchell Santner, no run, flatter one, on the sticks, pushed back to the bowler"
1784493279085,$undefined,2,NZ,Nathan Smith,Alzarri Joseph,<b>Alzarri Joseph [5.0-0-16-0] is back into the attack</b>
1784493295326,30.1,2,NZ,Nathan Smith,Alzarri Joseph,"Alzarri Joseph to Nathan Smith, no run, back of a length delivery, angled in, tucked down to mid-wicket"
1784493335774,30.2,2,NZ,Nathan Smith,Alzarri Joseph,"Alzarri Joseph to Nathan Smith, no run, back of a length delivery, angled in, at the ribs, Nathan Smith gets behind the line of the delivery and defends it"
1784493395841,30.3,2,NZ,Nathan Smith,Alzarri Joseph,"Alzarri Joseph to Nathan Smith, no run"
1784493431187,30.4,2,NZ,Nathan Smith,Alzarri Joseph,"Alzarri Joseph to Nathan Smith, no run, back of a length delivery."
1784493470028,30.5,2,NZ,Nathan Smith,Alzarri Joseph,"Alzarri Joseph to Nathan Smith, no run"
1784493520563,30.6,2,NZ,Nathan Smith,Alzarri Joseph,"Alzarri Joseph to Nathan Smith, no run"
1784493578886,31.1,2,NZ,Mitchell Santner,Gudakesh Motie,"Gudakesh Motie to Mitchell Santner, no run, flatter one"
1784493593955,31.2,2,NZ,Mitchell Santner,Gudakesh Motie,"Gudakesh Motie to Mitchell Santner, 1 run, to square leg"
1784493627551,31.3,2,NZ,Nathan Smith,Gudakesh Motie,"Gudakesh Motie to Nathan Smith, no run"
1784493641382,31.4,2,NZ,Nathan Smith,Gudakesh Motie,"Gudakesh Motie to Nathan Smith, no run"
1784493657092,31.5,2,NZ,Nathan Smith,Gudakesh Motie,"Gudakesh Motie to Nathan Smith, no run"
1784493675842,31.6,2,NZ,Nathan Smith,Gudakesh Motie,"Gudakesh Motie to Nathan Smith, 1 run, tossed up delivery, pushed down to long-off for a single"
1784493745173,32.1,2,NZ,Nathan Smith,Alzarri Joseph,"Alzarri Joseph to Nathan Smith, no run"
1784493804077,32.2,2,NZ,Nathan Smith,Alzarri Joseph,"Alzarri Joseph to Nathan Smith, no run"
1784493847442,32.3,2,NZ,Nathan Smith,Alzarri Joseph,"Alzarri Joseph to Nathan Smith, no run, short of length delivery, angled in, Nathan Smith looks to pull and misses. The ball goes off the hips and down to"
1784493897487,32.4,2,NZ,Nathan Smith,Alzarri Joseph,"Alzarri Joseph to Nathan Smith, 1 run, fuller length delivery"
1784493946209,32.5,2,NZ,Mitchell Santner,Alzarri Joseph,"Alzarri Joseph to Mitchell Santner, 1 run, to third man"
1784493996972,32.6,2,NZ,Nathan Smith,Alzarri Joseph,"Alzarri Joseph to Nathan Smith, 1 run, banged in short, at the ribs, tucked down to fine leg for a single"
1784494057876,33.1,2,NZ,Nathan Smith,Gudakesh Motie,"Gudakesh Motie to Nathan Smith, no run"
1784494074049,33.2,2,NZ,Nathan Smith,Gudakesh Motie,"Gudakesh Motie to Nathan Smith, no run"
1784494087921,33.3,2,NZ,Nathan Smith,Gudakesh Motie,"Gudakesh Motie to Nathan Smith, no run, on the sticks, pushed down to cover"
1784494109342,33.4,2,NZ,Nathan Smith,Gudakesh Motie,"Gudakesh Motie to Nathan Smith, no run, on the pads, clipped down to mid-wicket"
1784494129088,33.5,2,NZ,Nathan Smith,Gudakesh Motie,"Gudakesh Motie to Nathan Smith, 1 run, short, outside off, chopped down to deep cover for a single"
1784494156476,33.6,2,NZ,Mitchell Santner,Gudakesh Motie,"Gudakesh Motie to Mitchell Santner, no run"
1784494240009,34.1,2,NZ,Nathan Smith,Alzarri Joseph,"Alzarri Joseph to Nathan Smith, no run, fuller length delivery, angled in, Nathan Smith defends it down to cover"
1784494279022,34.2,2,NZ,Nathan Smith,Alzarri Joseph,"Alzarri Joseph to Nathan Smith, no run"
1784494353536,34.3,2,NZ,Nathan Smith,Alzarri Joseph,"Alzarri Joseph to Nathan Smith, 1 run, to deep backward point"
1784494414335,34.4,2,NZ,Mitchell Santner,Alzarri Joseph,"Alzarri Joseph to Mitchell Santner, no run, length delivery, angled in, Mitchell Santner backs away and stabs it down into the off-side with soft hands"
1784494458852,34.5,2,NZ,Mitchell Santner,Alzarri Joseph,"Alzarri Joseph to Mitchell Santner, no run"
1784494500606,34.6,2,NZ,Mitchell Santner,Alzarri Joseph,"Alzarri Joseph to Mitchell Santner, no run, back of a length delivery, outside off, Mitchell Santner looks to"
1784494571914,35.1,2,NZ,Nathan Smith,Gudakesh Motie,"Gudakesh Motie to Nathan Smith, 1 run, to mid-wicket"
1784494609883,35.2,2,NZ,Mitchell Santner,Gudakesh Motie,"Gudakesh Motie to Mitchell Santner, 2 runs, to long-off"
1784494635737,35.3,2,NZ,Mitchell Santner,Gudakesh Motie,"Gudakesh Motie to Mitchell Santner, no run"
1784494652140,35.4,2,NZ,Mitchell Santner,Gudakesh Motie,"Gudakesh Motie to Mitchell Santner, no run"
1784494677078,35.5,2,NZ,Mitchell Santner,Gudakesh Motie,"Gudakesh Motie to Mitchell Santner, no run"
1784494685141,35.6,2,NZ,Mitchell Santner,Gudakesh Motie,"Gudakesh Motie to Mitchell Santner, <b>FOUR</b>, to long-off"
1784494758274,36.1,2,NZ,Nathan Smith,Alzarri Joseph,"Alzarri Joseph to Nathan Smith, no run"
1784494796679,$undefined,2,NZ,Nathan Smith,Alzarri Joseph,"Alzarri Joseph to Nathan Smith, <b>THATS OUT!!</b> Bowled!!"
1784494798264,36.2,2,NZ,Nathan Smith,Alzarri Joseph,"Alzarri Joseph to Nathan Smith, <b>out</b> Bowled!! Wow. Superb delivery, <b>Nathan Smith b Alzarri Joseph 8(29)</b>"
1784494872430,$undefined,2,NZ,Jacob Duffy,Alzarri Joseph,"<b>Jacob Duffy, right handed bat, comes to the crease</b>"
1784494915607,36.3,2,NZ,Jacob Duffy,Alzarri Joseph,"Alzarri Joseph to Jacob Duffy, no run, on a length, outside off, Jacob Duffy looks to pat it and misses"
1784494968592,36.4,2,NZ,Jacob Duffy,Alzarri Joseph,"Alzarri Joseph to Jacob Duffy, no run, fuller length delivery, angled in, Jacob Duffy"
1784495102401,36.5,2,NZ,Jacob Duffy,Alzarri Joseph,"Alzarri Joseph to Jacob Duffy, 1 run"
1784495053988,36.5,2,NZ,Jacob Duffy,Alzarri Joseph,"Alzarri Joseph to Jacob Duffy, 1 run, to third man"
1784495398606,37.6,2,NZ,Mitchell Santner,Gudakesh Motie,"Gudakesh Motie to Mitchell Santner, 1 run, stabs a flatter one, gets it wide of cover for a single"
1784495487003,38.1,2,NZ,Mitchell Santner,Alzarri Joseph,"Alzarri Joseph to Mitchell Santner, no run, length delivery, outside off, patted down into the off-side"
1784495524218,38.2,2,NZ,Mitchell Santner,Alzarri Joseph,"Alzarri Joseph to Mitchell Santner, <b>wide</b>, angled down leg, Mitchell Santner misses the tuck and has been wided"
1784495643776,38.2,2,NZ,Mitchell Santner,Alzarri Joseph,"Alzarri Joseph to Mitchell Santner, no run, stabs it down to third man. The ball rolls down to deep third man and they don't take a single"
1784495649745,38.3,2,NZ,Mitchell Santner,Alzarri Joseph,"Alzarri Joseph to Mitchell Santner, no run, on a length, outside off, left alone to the keeper"
1784495665861,38.4,2,NZ,Mitchell Santner,Alzarri Joseph,"Alzarri Joseph to Mitchell Santner, no run, back of a length delivery, outside off, stabbed down into the off-side"
1784495737521,38.5,2,NZ,Mitchell Santner,Alzarri Joseph,"Alzarri Joseph to Mitchell Santner, 1 run, short of length delivery, outside off, patted wide of mid-off and they get a single. Hope collecting the throw behind the sticks wasn't happy with the throw. 18 needed now"
1784495789437,38.6,2,NZ,Matthew Fisher,Alzarri Joseph,"Alzarri Joseph to Matthew Fisher, no run, length delivery, angled in, Matthew Fisher stabs it down into the off-side"
1784495860061,39.1,2,NZ,Mitchell Santner,Gudakesh Motie,"Gudakesh Motie to Mitchell Santner, <b>SIX</b>, tossed up delivery, angled in, Mitchell Santner sat down and slog swept it over mid-wicket. That was hit hard and long over the fence"
1784495931575,39.2,2,NZ,Mitchell Santner,Gudakesh Motie,"Gudakesh Motie to Mitchell Santner, no run, flatter one, angled in, pushed back to the bowler"
1784495954662,39.3,2,NZ,Mitchell Santner,Gudakesh Motie,"Gudakesh Motie to Mitchell Santner, 2 runs, flatter one, outside off, punched down wide of deep cover for a brace. Two runs added"
1784495980583,39.4,2,NZ,Mitchell Santner,Gudakesh Motie,"Gudakesh Motie to Mitchell Santner, 1 run, pushed down to long-off for a single as that was flatter outside off"
1784496011731,$undefined,2,NZ,Matthew Fisher,Gudakesh Motie,"Gudakesh Motie to Matthew Fisher, <b>THATS OUT!!</b> Bowled!!"
1784496013305,39.5,2,NZ,Matthew Fisher,Gudakesh Motie,"Gudakesh Motie to Matthew Fisher, <b>out</b> Bowled!! <b>Fifer from Gudakesh Motie!</b> This has been an inspiring spell. Post the rain break he has been the man who has turned it around for the hosts. That landed in line, turned away, beat the blade and the ball slammed into the sticks. One wicket remains. Fisher has to go. <b>Matthew Fisher b Gudakesh Motie 1(4)</b>"
1784496062248,$undefined,2,NZ,Jayden Lennox,Gudakesh Motie,"<b>Jayden Lennox, left handed bat, comes to the crease</b>"
1784496127950,39.6,2,NZ,Jayden Lennox,Gudakesh Motie,"Gudakesh Motie to Jayden Lennox, no run, and Jayden Lennox has survived! That was a length delivery and tucked down to FSL as that was on the sticks"
1784496201078,$undefined,2,NZ,Mitchell Santner,Jayden Seales,<b>Jayden Seales [7.0-2-38-1] is back into the attack</b>
1784496204808,40.1,2,NZ,Mitchell Santner,Jayden Seales,"Jayden Seales to Mitchell Santner, no run, length delivery, outside off, Mitchell Santner stabs it down into the off-side. Mitchell Santner has to be careful from here"
1784496250972,40.2,2,NZ,Mitchell Santner,Jayden Seales,"Jayden Seales to Mitchell Santner, no run, back of a length delivery, outside off, Mitchell Santner pats it down to point"
1784496308087,40.3,2,NZ,Mitchell Santner,Jayden Seales,"Jayden Seales to Mitchell Santner, no run"
1784496365671,40.4,2,NZ,Mitchell Santner,Jayden Seales,"Jayden Seales to Mitchell Santner, 1 run, short of length delivery, punched down to deep cover for a single. The throw came to the bowler's end. Jayden Lennox wanted the second but it was not on. Two balls for Jayden Lennox to survive"
1784496423506,40.5,2,NZ,Jayden Lennox,Jayden Seales,"Jayden Seales to Jayden Lennox, no run, short of length delivery, angled in, Jayden Lennox looks to defend and almost dragged it on to the sticks. The ball rolled back but wide of the sticks"
1784496472555,40.6,2,NZ,Jayden Lennox,Jayden Seales,"Jayden Seales to Jayden Lennox, no run, length delivery, outside off, patted down into the off-side"
1784496695262,$undefined,2,NZ,Mitchell Santner,Matthew Forde,<b>Matthew Forde [8.0-1-39-2] is back into the attack</b>
1784496699810,41.1,2,NZ,Mitchell Santner,Matthew Forde,"Matthew Forde to Mitchell Santner, no run, defends it down with soft hands"
1784496703687,41.2,2,NZ,Mitchell Santner,Matthew Forde,"Matthew Forde to Mitchell Santner, no run, puts it away and doesn't take a single"
1784496707423,41.3,2,NZ,Mitchell Santner,Matthew Forde,"Matthew Forde to Mitchell Santner, no run, patted down to the off-side and doesn't take a single"
1784496712383,41.4,2,NZ,Mitchell Santner,Matthew Forde,"Matthew Forde to Mitchell Santner, <b>FOUR</b>, short of a length, Mitchell Santner"
1784496779780,41.5,2,NZ,Mitchell Santner,Matthew Forde,"Matthew Forde to Mitchell Santner, 1 run, to cover"
1784496852860,41.6,2,NZ,Jayden Lennox,Matthew Forde,"Matthew Forde to Jayden Lennox, no run"
1784496953253,42.1,2,NZ,Mitchell Santner,Jayden Seales,"Jayden Seales to Mitchell Santner, no run, defends it down into the off-side"
1784496988989,42.2,2,NZ,Mitchell Santner,Jayden Seales,"Jayden Seales to Mitchell Santner, no run"
1784497036137,42.3,2,NZ,Mitchell Santner,Jayden Seales,"Jayden Seales to Mitchell Santner, no run"
1784497074416,42.4,2,NZ,Mitchell Santner,Jayden Seales,"Jayden Seales to Mitchell Santner, no run"
1784497140907,42.5,2,NZ,Mitchell Santner,Jayden Seales,"Jayden Seales to Mitchell Santner, 2 runs, to cover"
1784497255418,42.6,2,NZ,Mitchell Santner,Jayden Seales,"Jayden Seales to Mitchell Santner, no run"
1784497316919,$undefined,2,NZ,Jayden Lennox,Vitel Lawes,<b>Vitel Lawes [5.0-0-32-0] is back into the attack</b>
1784497412547,43.1,2,NZ,Jayden Lennox,Vitel Lawes,"Vitel Lawes to Jayden Lennox, no run, flatter one, beats the edge. The review was taken."
1784497438993,43.2,2,NZ,Jayden Lennox,Vitel Lawes,"Vitel Lawes to Jayden Lennox, no run"
1784497460739,43.3,2,NZ,Jayden Lennox,Vitel Lawes,"Vitel Lawes to Jayden Lennox, no run, flatter one, outside off, stabbed down to point"
1784497483129,43.4,2,NZ,Jayden Lennox,Vitel Lawes,"Vitel Lawes to Jayden Lennox, no run, tossed up delivery, pushed back to the bowler"
1784497503838,43.5,2,NZ,Jayden Lennox,Vitel Lawes,"Vitel Lawes to Jayden Lennox, no run"
1784497597507,$undefined,2,NZ,,,Review time. Was there bat?
1784497605711,43.6,2,NZ,Jayden Lennox,Vitel Lawes,"Vitel Lawes to Jayden Lennox, no run"
1784497656799,44.1,2,NZ,Mitchell Santner,Jayden Seales,"Jayden Seales to Mitchell Santner, 1 run, to deep extra cover"
1784497934225,$undefined,2,NZ,,,"<b>17:51 Local Time, 21:51 GMT, 03:21 IST:</b> 3-1 to NZ with a game to spare."
1784498336980,$undefined,2,NZ,,,"<b>Shai Hope | West Indies captain:</b> Hasn't really sunk in yet, really good game of cricket."
1784498529439,$undefined,2,NZ,,,<b>Mitchell Santner | New Zealand captain & Player of the Match:</b>
